repository_language,month,pushes
M,2014-08-01,444
SourcePawn,2014-08-01,828
Pike,2014-08-01,144
VHDL,2014-08-01,1019
XSLT,2014-08-01,5750
Vala,2014-08-01,1585
xBase,2014-08-01,328
OCaml,2014-08-01,5072
JSONiq,2014-08-01,282
Agda,2014-08-01,429
D,2014-08-01,4509
F#,2014-08-01,2891
Xtend,2014-08-01,818
Objective-C++,2014-08-01,1199
Racket,2014-08-01,1510
Tcl,2014-08-01,1446
Max,2014-08-01,447
Ada,2014-08-01,331
Stata,2014-08-01,373
Boo,2014-08-01,34
OpenEdge ABL,2014-08-01,713
Nimrod,2014-08-01,335
XQuery,2014-08-01,439
Gnuplot,2014-08-01,393
ooc,2014-08-01,126
Augeas,2014-08-01,27
Factor,2014-08-01,86
VCL,2014-08-01,252
Scilab,2014-08-01,61
Arduino,2014-08-01,6968
ActionScript,2014-08-01,5340
Erlang,2014-08-01,7632
Elm,2014-08-01,354
PowerShell,2014-08-01,6111
Mercury,2014-08-01,369
Clojure,2014-08-01,15465
PAWN,2014-08-01,314
AutoHotkey,2014-08-01,1371
Verilog,2014-08-01,1329
Eiffel,2014-08-01,475
Scheme,2014-08-01,4262
FORTRAN,2014-08-01,3646
Puppet,2014-08-01,11407
Red,2014-08-01,68
J,2014-08-01,21
Mathematica,2014-08-01,1323
Prolog,2014-08-01,1381
Xojo,2014-08-01,183
IDL,2014-08-01,1450
Crystal,2014-08-01,126
ColdFusion,2014-08-01,1657
Logos,2014-08-01,651
Elixir,2014-08-01,3617
Dart,2014-08-01,6154
SQL,2014-08-01,1761
Frege,2014-08-01,61
Nix,2014-08-01,2670
wisp,2014-08-01,8
Grammatical Framework,2014-08-01,20
Turing,2014-08-01,6
Mirah,2014-08-01,28
Glyph,2014-08-01,21
Nit,2014-08-01,11
Oxygene,2014-08-01,1
Bro,2014-08-01,11
APL,2014-08-01,1
DCPU-16-01 ASM,2014-08-01,4
Zimpl,2014-08-01,2
Harbour,2014-08-01,5
Shen,2014-08-01,3
LookML,2014-08-01,3
HaXe,2014-08-01,8
Dogescript,2014-08-01,12
E,2014-08-01,2
PigLatin,2014-08-01,2
Delphi,2014-08-01,1
Cirru,2014-08-01,1
Slash,2014-08-01,36
Ragel in Ruby Host,2014-08-01,10
Ceylon,2014-08-01,169
BlitzBasic,2014-08-01,1523
Zephir,2014-08-01,30
Monkey,2014-08-01,40
XC,2014-08-01,102
SystemVerilog,2014-08-01,144
Brightscript,2014-08-01,121
RobotFramework,2014-08-01,25
Logtalk,2014-08-01,69
Coq,2014-08-01,1022
Standard ML,2014-08-01,686
PureScript,2014-08-01,545
LiveScript,2014-08-01,3221
SuperCollider,2014-08-01,67
AutoIt,2014-08-01,470
Propeller Spin,2014-08-01,355
Apex,2014-08-01,978
ATS,2014-08-01,201
Objective-J,2014-08-01,364
Smalltalk,2014-08-01,467
MoonScript,2014-08-01,191
Parrot,2014-08-01,91
PogoScript,2014-08-01,9
Pan,2014-08-01,27
Rebol,2014-08-01,57
Dylan,2014-08-01,21
Fantom,2014-08-01,4
GAMS,2014-08-01,28
SQF,2014-08-01,96
COBOL,2014-08-01,56
BlitzMax,2014-08-01,61
Volt,2014-08-01,6
Ecl,2014-08-01,7
Arc,2014-08-01,27
ABAP,2014-08-01,31
Kotlin,2014-08-01,504
Pure Data,2014-08-01,383
Hy,2014-08-01,68
ANTLR,2014-08-01,98
Idris,2014-08-01,94
Inform 7,2014-08-01,210
REALbasic,2014-08-01,27
UnrealScript,2014-08-01,59
Awk,2014-08-01,195
CLIPS,2014-08-01,111
Gosu,2014-08-01,537
Nu,2014-08-01,30
Bluespec,2014-08-01,220
Nemerle,2014-08-01,101
AGS Script,2014-08-01,28
AspectJ,2014-08-01,97
Alloy,2014-08-01,34
Io,2014-08-01,91
Lasso,2014-08-01,71
DOT,2014-08-01,401
NetLogo,2014-08-01,124
Component Pascal,2014-08-01,256
XML,2014-08-01,378
AppleScript,2014-08-01,353
Cuda,2014-08-01,831
GAP,2014-08-01,524
Perl6,2014-08-01,491
Processing,2014-08-01,3305
OpenSCAD,2014-08-01,63
KRL,2014-08-01,253
Squirrel,2014-08-01,135
XProc,2014-08-01,23
FLUX,2014-08-01,85
Forth,2014-08-01,52
SAS,2014-08-01,344
Isabelle,2014-08-01,114
Swift,2014-08-01,11612
Pascal,2014-08-01,3903
R,2014-08-01,52334
PHP,2014-08-01,387374
Assembly,2014-08-01,5511
,2014-08-01,581135
Go,2014-08-01,56328
Python,2014-08-01,541304
Lua,2014-08-01,27342
TeX,2014-08-01,30470
Shell,2014-08-01,158580
Emacs Lisp,2014-08-01,20324
DM,2014-08-01,2781
C#,2014-08-01,132517
Common Lisp,2014-08-01,3230
Haxe,2014-08-01,3015
TypeScript,2014-08-01,10859
Perl,2014-08-01,39350
CoffeeScript,2014-08-01,35255
VimL,2014-08-01,41746
Objective-C,2014-08-01,81186
Rust,2014-08-01,11107
Ruby,2014-08-01,348972
nesC,2014-08-01,774
Scala,2014-08-01,34131
Groovy,2014-08-01,13146
ASP,2014-08-01,3165
C++,2014-08-01,270929
Game Maker Language,2014-08-01,970
Matlab,2014-08-01,11797
Julia,2014-08-01,4454
JavaScript,2014-08-01,998824
C,2014-08-01,204805
Haskell,2014-08-01,21892
Java,2014-08-01,562974
Visual Basic,2014-08-01,4027
CSS,2014-08-01,499034
PureScript,2014-07-01,305
eC,2014-07-01,9
KRL,2014-07-01,321
Nemerle,2014-07-01,200
DCPU-16-01 ASM,2014-07-01,6
Lasso,2014-07-01,71
Grammatical Framework,2014-07-01,9
Ecl,2014-07-01,37
ASP,2014-07-01,3115
UnrealScript,2014-07-01,133
NetLogo,2014-07-01,166
Standard ML,2014-07-01,628
Grace,2014-07-01,3
Ox,2014-07-01,1
Opa,2014-07-01,1
R,2014-07-01,53815
Fantom,2014-07-01,3
Objective-J,2014-07-01,417
xBase,2014-07-01,440
Nit,2014-07-01,1
XQuery,2014-07-01,344
Clean,2014-07-01,8
PogoScript,2014-07-01,19
AppleScript,2014-07-01,382
Parrot,2014-07-01,111
Cirru,2014-07-01,1
HaXe,2014-07-01,20
Perl6,2014-07-01,448
Rebol,2014-07-01,105
Dogescript,2014-07-01,14
Red,2014-07-01,68
Scilab,2014-07-01,103
RobotFramework,2014-07-01,11
Turing,2014-07-01,4
Boo,2014-07-01,27
Inform 7,2014-07-01,130
JSONiq,2014-07-01,90
ANTLR,2014-07-01,97
Delphi,2014-07-01,7
wisp,2014-07-01,72
XProc,2014-07-01,6
MoonScript,2014-07-01,167
Squirrel,2014-07-01,195
Hy,2014-07-01,67
Propeller Spin,2014-07-01,234
Isabelle,2014-07-01,58
Forth,2014-07-01,66
Awk,2014-07-01,177
CLIPS,2014-07-01,39
Xojo,2014-07-01,27
Bro,2014-07-01,61
Nu,2014-07-01,28
Volt,2014-07-01,10
Alloy,2014-07-01,35
Brightscript,2014-07-01,109
Monkey,2014-07-01,97
Augeas,2014-07-01,35
Stata,2014-07-01,391
GAMS,2014-07-01,31
Glyph,2014-07-01,30
Ragel in Ruby Host,2014-07-01,7
REALbasic,2014-07-01,38
GAP,2014-07-01,390
Slash,2014-07-01,86
Zephir,2014-07-01,16
Mirah,2014-07-01,27
Pike,2014-07-01,178
Pan,2014-07-01,52
Logtalk,2014-07-01,100
ooc,2014-07-01,83
J,2014-07-01,70
Pure Data,2014-07-01,520
Dylan,2014-07-01,110
Io,2014-07-01,176
ABAP,2014-07-01,158
DOT,2014-07-01,388
Component Pascal,2014-07-01,159
XML,2014-07-01,82
PAWN,2014-07-01,230
SuperCollider,2014-07-01,275
SourcePawn,2014-07-01,1009
Elm,2014-07-01,489
COBOL,2014-07-01,163
ColdFusion,2014-07-01,2061
Logos,2014-07-01,696
Apex,2014-07-01,824
IDL,2014-07-01,1850
FORTRAN,2014-07-01,3882
ActionScript,2014-07-01,5975
Kotlin,2014-07-01,722
Julia,2014-07-01,4923
Pascal,2014-07-01,3741
AspectJ,2014-07-01,81
OpenEdge ABL,2014-07-01,1170
VimL,2014-07-01,43032
Cuda,2014-07-01,957
DM,2014-07-01,2897
Objective-C++,2014-07-01,1392
nesC,2014-07-01,1013
Racket,2014-07-01,1806
Agda,2014-07-01,267
F#,2014-07-01,3658
Shell,2014-07-01,161110
Factor,2014-07-01,109
Coq,2014-07-01,921
SystemVerilog,2014-07-01,183
Nimrod,2014-07-01,313
Smalltalk,2014-07-01,990
Idris,2014-07-01,101
XC,2014-07-01,263
ATS,2014-07-01,111
Frege,2014-07-01,45
Game Maker Language,2014-07-01,923
Crystal,2014-07-01,196
Processing,2014-07-01,2988
AutoHotkey,2014-07-01,861
VHDL,2014-07-01,1224
Vala,2014-07-01,1676
M,2014-07-01,315
SQL,2014-07-01,2081
Mercury,2014-07-01,623
Common Lisp,2014-07-01,3155
VCL,2014-07-01,167
Scheme,2014-07-01,3871
CoffeeScript,2014-07-01,35540
Objective-C,2014-07-01,89619
Haxe,2014-07-01,2701
Haskell,2014-07-01,21887
Visual Basic,2014-07-01,4686
Swift,2014-07-01,11226
TeX,2014-07-01,34296
Lua,2014-07-01,27064
Arduino,2014-07-01,6484
Rust,2014-07-01,12203
Groovy,2014-07-01,14006
Matlab,2014-07-01,12934
Python,2014-07-01,523455
OCaml,2014-07-01,5280
Erlang,2014-07-01,7252
Go,2014-07-01,53928
Emacs Lisp,2014-07-01,18877
Scala,2014-07-01,36472
Mathematica,2014-07-01,1204
LiveScript,2014-07-01,3149
BlitzBasic,2014-07-01,1307
Dart,2014-07-01,6098
Ceylon,2014-07-01,184
Verilog,2014-07-01,1342
D,2014-07-01,4421
Tcl,2014-07-01,1186
AutoIt,2014-07-01,278
Nix,2014-07-01,1389
Elixir,2014-07-01,3047
Gosu,2014-07-01,577
Assembly,2014-07-01,8395
Xtend,2014-07-01,470
Clojure,2014-07-01,14362
Perl,2014-07-01,41273
Puppet,2014-07-01,13204
Ada,2014-07-01,291
TypeScript,2014-07-01,11049
XSLT,2014-07-01,5638
PowerShell,2014-07-01,5401
Java,2014-07-01,594382
Bluespec,2014-07-01,346
C,2014-07-01,215925
Gnuplot,2014-07-01,502
BlitzMax,2014-07-01,83
SAS,2014-07-01,398
JavaScript,2014-07-01,996374
Eiffel,2014-07-01,532
Prolog,2014-07-01,1034
FLUX,2014-07-01,180
C++,2014-07-01,281209
Ruby,2014-07-01,363960
PHP,2014-07-01,389984
,2014-07-01,567869
C#,2014-07-01,138925
Arc,2014-07-01,68
CSS,2014-07-01,533638
Max,2014-07-01,613
NetLogo,2014-06-01,133
Logtalk,2014-06-01,108
Mercury,2014-06-01,372
REALbasic,2014-06-01,56
Mirah,2014-06-01,5
Monkey,2014-06-01,33
Pan,2014-06-01,74
Pure Data,2014-06-01,403
Red,2014-06-01,87
Squirrel,2014-06-01,191
XC,2014-06-01,185
eC,2014-06-01,46
Clean,2014-06-01,79
PogoScript,2014-06-01,3
Inform 7,2014-06-01,445
Common Lisp,2014-06-01,3208
D,2014-06-01,4093
Assembly,2014-06-01,3444
Dogescript,2014-06-01,20
Erlang,2014-06-01,8191
UnrealScript,2014-06-01,210
Alloy,2014-06-01,30
Grammatical Framework,2014-06-01,12
Xtend,2014-06-01,464
Zephir,2014-06-01,13
Dart,2014-06-01,4470
Fancy,2014-06-01,2
Puppet,2014-06-01,13648
Bluespec,2014-06-01,244
Arduino,2014-06-01,5522
BlitzBasic,2014-06-01,805
XML,2014-06-01,801
Smalltalk,2014-06-01,1473
Objective-C++,2014-06-01,1101
SQL,2014-06-01,5392
Vala,2014-06-01,1244
ANTLR,2014-06-01,130
DCPU-16-01 ASM,2014-06-01,1
FORTRAN,2014-06-01,4111
JSONiq,2014-06-01,44
Haxe,2014-06-01,3110
wisp,2014-06-01,9
AutoHotkey,2014-06-01,857
Moocode,2014-06-01,1
Idris,2014-06-01,187
DOT,2014-06-01,402
AspectJ,2014-06-01,120
Nemerle,2014-06-01,274
SAS,2014-06-01,1337
Factor,2014-06-01,227
Tcl,2014-06-01,1486
ASP,2014-06-01,3745
DM,2014-06-01,3378
F#,2014-06-01,3323
Perl6,2014-06-01,307
Pike,2014-06-01,106
Ox,2014-06-01,1
Ada,2014-06-01,495
Elm,2014-06-01,397
SuperCollider,2014-06-01,332
Apex,2014-06-01,908
Matlab,2014-06-01,12832
MoonScript,2014-06-01,174
Arc,2014-06-01,90
Racket,2014-06-01,1613
ActionScript,2014-06-01,5801
AutoIt,2014-06-01,271
KRL,2014-06-01,248
Slash,2014-06-01,223
Logos,2014-06-01,815
Volt,2014-06-01,8
Shen,2014-06-01,2
Parrot,2014-06-01,53
Component Pascal,2014-06-01,63
Bro,2014-06-01,13
Propeller Spin,2014-06-01,453
XQuery,2014-06-01,454
Scilab,2014-06-01,42
VCL,2014-06-01,37
HaXe,2014-06-01,58
Boo,2014-06-01,13
Cirru,2014-06-01,11
OCaml,2014-06-01,4602
M,2014-06-01,465
Rebol,2014-06-01,105
PAWN,2014-06-01,99
Mathematica,2014-06-01,121
Julia,2014-06-01,4735
Objective-J,2014-06-01,553
SourcePawn,2014-06-01,756
Io,2014-06-01,67
Gosu,2014-06-01,527
Awk,2014-06-01,211
Gnuplot,2014-06-01,630
Stata,2014-06-01,316
Nimrod,2014-06-01,336
Brightscript,2014-06-01,134
Crystal,2014-06-01,168
IDL,2014-06-01,1526
nesC,2014-06-01,1328
C#,2014-06-01,131430
Perl,2014-06-01,38362
Shell,2014-06-01,155201
Rouge,2014-06-01,6
Nu,2014-06-01,16
Oxygene,2014-06-01,12
VimL,2014-06-01,38573
Delphi,2014-06-01,20
Clojure,2014-06-01,13631
Go,2014-06-01,45702
TeX,2014-06-01,37331
Standard ML,2014-06-01,853
Cuda,2014-06-01,1971
XSLT,2014-06-01,6116
Max,2014-06-01,786
Prolog,2014-06-01,404
AppleScript,2014-06-01,795
OpenEdge ABL,2014-06-01,1045
Visual Basic,2014-06-01,4653
Processing,2014-06-01,4841
Fantom,2014-06-01,57
xBase,2014-06-01,495
ColdFusion,2014-06-01,1831
C,2014-06-01,227776
Agda,2014-06-01,374
Lasso,2014-06-01,124
Augeas,2014-06-01,59
Eiffel,2014-06-01,739
Frege,2014-06-01,41
Kotlin,2014-06-01,275
Game Maker Language,2014-06-01,1117
ATS,2014-06-01,173
VHDL,2014-06-01,1177
LiveScript,2014-06-01,1600
Verilog,2014-06-01,1374
Opa,2014-06-01,4
Pascal,2014-06-01,3696
Scheme,2014-06-01,3394
Scala,2014-06-01,33108
PowerShell,2014-06-01,5040
Turing,2014-06-01,12
Emacs Lisp,2014-06-01,16873
TypeScript,2014-06-01,11000
Glyph,2014-06-01,21
PureScript,2014-06-01,157
ABAP,2014-06-01,7
ooc,2014-06-01,21
Ecl,2014-06-01,16
Elixir,2014-06-01,2237
Dylan,2014-06-01,153
GAP,2014-06-01,214
CoffeeScript,2014-06-01,33018
Nix,2014-06-01,18
COBOL,2014-06-01,297
Ceylon,2014-06-01,135
SystemVerilog,2014-06-01,123
Coq,2014-06-01,739
Harbour,2014-06-01,8
Ragel in Ruby Host,2014-06-01,33
JavaScript,2014-06-01,888285
R,2014-06-01,50165
Rust,2014-06-01,9761
Forth,2014-06-01,54
Swift,2014-06-01,10529
Ruby,2014-06-01,343592
FLUX,2014-06-01,55
GAMS,2014-06-01,23
XProc,2014-06-01,59
Objective-C,2014-06-01,73190
Python,2014-06-01,453333
Groovy,2014-06-01,13827
PHP,2014-06-01,372746
Haskell,2014-06-01,21489
J,2014-06-01,40
CSS,2014-06-01,423853
,2014-06-01,590895
Java,2014-06-01,597213
Hy,2014-06-01,21
C++,2014-06-01,268407
RobotFramework,2014-06-01,12
CLIPS,2014-06-01,12
Lua,2014-06-01,24109
Boo,2014-05-01,87
AppleScript,2014-05-01,488
Nimrod,2014-05-01,276
Ada,2014-05-01,630
LiveScript,2014-05-01,929
CLIPS,2014-05-01,175
Nemerle,2014-05-01,473
NetLogo,2014-05-01,677
HaXe,2014-05-01,58
Prolog,2014-05-01,791
Stata,2014-05-01,332
E,2014-05-01,1
Monkey,2014-05-01,69
Pike,2014-05-01,122
Squirrel,2014-05-01,192
Brightscript,2014-05-01,98
Agda,2014-05-01,295
Lasso,2014-05-01,190
Alloy,2014-05-01,150
KRL,2014-05-01,119
eC,2014-05-01,22
Ragel in Ruby Host,2014-05-01,8
Scilab,2014-05-01,70
Delphi,2014-05-01,14
Augeas,2014-05-01,56
Harbour,2014-05-01,7
J,2014-05-01,31
Oxygene,2014-05-01,3
PogoScript,2014-05-01,8
Volt,2014-05-01,67
Nu,2014-05-01,32
Hy,2014-05-01,57
Cirru,2014-05-01,5
Logtalk,2014-05-01,93
Grammatical Framework,2014-05-01,8
Clean,2014-05-01,28
Dogescript,2014-05-01,9
Ecl,2014-05-01,23
Zephir,2014-05-01,25
DCPU-16-01 ASM,2014-05-01,1
Turing,2014-05-01,12
ooc,2014-05-01,2
ABAP,2014-05-01,8
Self,2014-05-01,6
Opa,2014-05-01,1
Mathematica,2014-05-01,131
Parrot,2014-05-01,79
Cuda,2014-05-01,623
Io,2014-05-01,43
Fantom,2014-05-01,54
Frege,2014-05-01,38
AspectJ,2014-05-01,131
JSONiq,2014-05-01,42
XC,2014-05-01,186
Elm,2014-05-01,233
PureScript,2014-05-01,281
Glyph,2014-05-01,40
Idris,2014-05-01,263
Forth,2014-05-01,35
XProc,2014-05-01,42
GAP,2014-05-01,216
Slash,2014-05-01,384
Propeller Spin,2014-05-01,155
Crystal,2014-05-01,107
Red,2014-05-01,36
PAWN,2014-05-01,184
Factor,2014-05-01,131
wisp,2014-05-01,39
RobotFramework,2014-05-01,29
xBase,2014-05-01,391
FORTRAN,2014-05-01,4148
Perl6,2014-05-01,380
XQuery,2014-05-01,402
FLUX,2014-05-01,33
COBOL,2014-05-01,291
BlitzBasic,2014-05-01,1157
Elixir,2014-05-01,2568
ANTLR,2014-05-01,324
Rebol,2014-05-01,570
Dylan,2014-05-01,148
AutoHotkey,2014-05-01,978
Gnuplot,2014-05-01,399
AutoIt,2014-05-01,296
DOT,2014-05-01,667
Pure Data,2014-05-01,370
Visual Basic,2014-05-01,4930
Rust,2014-05-01,8434
Xtend,2014-05-01,638
Matlab,2014-05-01,14100
ASP,2014-05-01,5033
Racket,2014-05-01,2196
DM,2014-05-01,3239
Dart,2014-05-01,4742
Julia,2014-05-01,4008
Rouge,2014-05-01,5
Apex,2014-05-01,788
Kotlin,2014-05-01,323
nesC,2014-05-01,1253
SourcePawn,2014-05-01,564
F#,2014-05-01,3543
UnrealScript,2014-05-01,406
SuperCollider,2014-05-01,138
ATS,2014-05-01,364
REALbasic,2014-05-01,198
Haxe,2014-05-01,3218
PowerShell,2014-05-01,5033
Tcl,2014-05-01,1387
Bro,2014-05-01,70
Inform 7,2014-05-01,380
Bluespec,2014-05-01,229
OpenEdge ABL,2014-05-01,1018
Pascal,2014-05-01,3589
PHP,2014-05-01,397286
IDL,2014-05-01,1410
Processing,2014-05-01,3925
Objective-J,2014-05-01,447
Scheme,2014-05-01,4954
Eiffel,2014-05-01,732
D,2014-05-01,5691
Awk,2014-05-01,143
XML,2014-05-01,1212
Verilog,2014-05-01,1783
Objective-C++,2014-05-01,1489
ColdFusion,2014-05-01,1612
VHDL,2014-05-01,2743
M,2014-05-01,419
Smalltalk,2014-05-01,1043
Logos,2014-05-01,1216
Lua,2014-05-01,23078
Clojure,2014-05-01,14413
Go,2014-05-01,45627
Scala,2014-05-01,34240
Puppet,2014-05-01,12533
TypeScript,2014-05-01,10551
Perl,2014-05-01,39380
CoffeeScript,2014-05-01,34988
Objective-C,2014-05-01,87430
C#,2014-05-01,151808
Common Lisp,2014-05-01,3988
Gosu,2014-05-01,300
R,2014-05-01,50964
VimL,2014-05-01,40151
C++,2014-05-01,285973
Java,2014-05-01,685807
C,2014-05-01,245995
Arduino,2014-05-01,6413
Python,2014-05-01,475460
CSS,2014-05-01,452247
JavaScript,2014-05-01,956410
Ruby,2014-05-01,380129
,2014-05-01,633009
Shell,2014-05-01,156305
Game Maker Language,2014-05-01,873
OCaml,2014-05-01,5388
Max,2014-05-01,665
Vala,2014-05-01,1428
Coq,2014-05-01,690
SystemVerilog,2014-05-01,191
MoonScript,2014-05-01,167
Ceylon,2014-05-01,148
Arc,2014-05-01,102
Mercury,2014-05-01,459
XSLT,2014-05-01,5351
Emacs Lisp,2014-05-01,19329
TeX,2014-05-01,49699
Assembly,2014-05-01,4999
Haskell,2014-05-01,22064
SQL,2014-05-01,15611
Erlang,2014-05-01,9160
Groovy,2014-05-01,13781
Standard ML,2014-05-01,904
ActionScript,2014-05-01,7589
Nimrod,2014-04-01,397
Agda,2014-04-01,402
nesC,2014-04-01,1624
AppleScript,2014-04-01,681
ASP,2014-04-01,6715
Game Maker Language,2014-04-01,151
wisp,2014-04-01,41
OpenEdge ABL,2014-04-01,584
Rebol,2014-04-01,379
Rust,2014-04-01,6511
Vala,2014-04-01,1134
BlitzBasic,2014-04-01,1235
Julia,2014-04-01,3537
AutoIt,2014-04-01,663
Processing,2014-04-01,3981
Visual Basic,2014-04-01,4678
Matlab,2014-04-01,13368
REALbasic,2014-04-01,57
Puppet,2014-04-01,11432
Ada,2014-04-01,541
Arduino,2014-04-01,6589
DM,2014-04-01,2699
Racket,2014-04-01,2287
Pure Data,2014-04-01,194
FORTRAN,2014-04-01,3355
Haxe,2014-04-01,3723
ActionScript,2014-04-01,7839
Assembly,2014-04-01,4774
DOT,2014-04-01,915
Eiffel,2014-04-01,836
Slash,2014-04-01,249
Common Lisp,2014-04-01,3852
ABAP,2014-04-01,5
SuperCollider,2014-04-01,229
Monkey,2014-04-01,31
Ceylon,2014-04-01,29
XProc,2014-04-01,21
MoonScript,2014-04-01,129
Clean,2014-04-01,25
Objective-J,2014-04-01,299
Smalltalk,2014-04-01,518
Inform 7,2014-04-01,27
ATS,2014-04-01,62
Pike,2014-04-01,90
Rouge,2014-04-01,11
Mercury,2014-04-01,58
PureScript,2014-04-01,95
Parrot,2014-04-01,65
Dylan,2014-04-01,68
FLUX,2014-04-01,26
Io,2014-04-01,48
Crystal,2014-04-01,23
ANTLR,2014-04-01,108
LiveScript,2014-04-01,1942
XSLT,2014-04-01,5355
Verilog,2014-04-01,2238
Apex,2014-04-01,839
IDL,2014-04-01,1716
Standard ML,2014-04-01,1032
Zephir,2014-04-01,37
Squirrel,2014-04-01,157
AutoHotkey,2014-04-01,1003
Stata,2014-04-01,46
Boo,2014-04-01,30
Ecl,2014-04-01,28
Augeas,2014-04-01,48
Delphi,2014-04-01,10
CSS,2014-04-01,459001
,2014-04-01,611196
Turing,2014-04-01,12
eC,2014-04-01,36
Ragel in Ruby Host,2014-04-01,29
Emacs Lisp,2014-04-01,18859
Java,2014-04-01,652890
VimL,2014-04-01,39363
PAWN,2014-04-01,65
Ruby,2014-04-01,380190
Lua,2014-04-01,21741
JavaScript,2014-04-01,911939
C,2014-04-01,238155
C++,2014-04-01,271242
Erlang,2014-04-01,8865
Alloy,2014-04-01,18
Shell,2014-04-01,152068
Python,2014-04-01,467188
R,2014-04-01,40429
DCPU-16-01 ASM,2014-04-01,6
Frege,2014-04-01,43
Hy,2014-04-01,59
Forth,2014-04-01,9
Fancy,2014-04-01,2
Bro,2014-04-01,15
Fantom,2014-04-01,22
JSONiq,2014-04-01,2
Nu,2014-04-01,4
Harbour,2014-04-01,1
Mirah,2014-04-01,3
Self,2014-04-01,3
PogoScript,2014-04-01,7
Opa,2014-04-01,1
Pascal,2014-04-01,3234
CoffeeScript,2014-04-01,31416
VHDL,2014-04-01,2809
Scheme,2014-04-01,3748
Coq,2014-04-01,683
Xtend,2014-04-01,540
CLIPS,2014-04-01,186
PowerShell,2014-04-01,5150
Mathematica,2014-04-01,11
Scala,2014-04-01,31829
Dart,2014-04-01,4753
OCaml,2014-04-01,5056
D,2014-04-01,4814
Elixir,2014-04-01,1714
Objective-C++,2014-04-01,298
F#,2014-04-01,3168
Go,2014-04-01,41103
Gosu,2014-04-01,270
Max,2014-04-01,698
Clojure,2014-04-01,15234
Haskell,2014-04-01,22183
Groovy,2014-04-01,12094
Volt,2014-04-01,27
TypeScript,2014-04-01,10844
SystemVerilog,2014-04-01,116
SourcePawn,2014-04-01,214
Glyph,2014-04-01,35
AspectJ,2014-04-01,31
TeX,2014-04-01,42535
Objective-C,2014-04-01,90216
Perl,2014-04-01,37614
PHP,2014-04-01,392892
C#,2014-04-01,134151
M,2014-04-01,632
Oxygene,2014-04-01,28
RobotFramework,2014-04-01,18
Factor,2014-04-01,167
J,2014-04-01,11
ColdFusion,2014-04-01,950
XML,2014-04-01,1108
HaXe,2014-04-01,142
NetLogo,2014-04-01,337
Tcl,2014-04-01,914
XQuery,2014-04-01,321
Idris,2014-04-01,108
Bluespec,2014-04-01,226
Perl6,2014-04-01,430
Awk,2014-04-01,202
UnrealScript,2014-04-01,313
Kotlin,2014-04-01,289
xBase,2014-04-01,776
KRL,2014-04-01,542
Brightscript,2014-04-01,122
Nemerle,2014-04-01,479
Elm,2014-04-01,327
Scilab,2014-04-01,167
Prolog,2014-04-01,273
Gnuplot,2014-04-01,41
XC,2014-04-01,389
GAP,2014-04-01,46
COBOL,2014-04-01,298
Lasso,2014-04-01,355
Logtalk,2014-04-01,120
Logos,2014-04-01,664
Arc,2014-04-01,134
Processing,2014-03-01,3477
CLIPS,2014-03-01,136
Volt,2014-03-01,23
Logos,2014-03-01,845
DM,2014-03-01,2398
Verilog,2014-03-01,2165
Max,2014-03-01,658
Assembly,2014-03-01,6456
Delphi,2014-03-01,29
Lua,2014-03-01,18717
Scheme,2014-03-01,3061
Visual Basic,2014-03-01,4106
AutoIt,2014-03-01,521
XQuery,2014-03-01,293
F#,2014-03-01,3316
XProc,2014-03-01,26
PowerShell,2014-03-01,3961
M,2014-03-01,617
Nemerle,2014-03-01,234
Arduino,2014-03-01,6658
Elixir,2014-03-01,1558
Racket,2014-03-01,1749
nesC,2014-03-01,1410
Slash,2014-03-01,184
OpenEdge ABL,2014-03-01,633
Groovy,2014-03-01,10556
IDL,2014-03-01,1744
Dart,2014-03-01,6030
TypeScript,2014-03-01,12074
Smalltalk,2014-03-01,449
Nu,2014-03-01,3
Ada,2014-03-01,500
AutoHotkey,2014-03-01,954
Xtend,2014-03-01,245
ActionScript,2014-03-01,6397
Rouge,2014-03-01,7
Dylan,2014-03-01,144
Glyph,2014-03-01,36
COBOL,2014-03-01,157
Awk,2014-03-01,300
Standard ML,2014-03-01,1146
Io,2014-03-01,75
Bluespec,2014-03-01,204
ANTLR,2014-03-01,103
DCPU-16-01 ASM,2014-03-01,7
Monkey,2014-03-01,71
MoonScript,2014-03-01,147
AppleScript,2014-03-01,616
Clojure,2014-03-01,14512
xBase,2014-03-01,428
FORTRAN,2014-03-01,3421
Augeas,2014-03-01,41
Python,2014-03-01,461297
Shell,2014-03-01,159443
TeX,2014-03-01,41055
C#,2014-03-01,120225
Ruby,2014-03-01,362707
JavaScript,2014-03-01,875657
C,2014-03-01,236310
Emacs Lisp,2014-03-01,20917
CSS,2014-03-01,435866
C++,2014-03-01,269241
R,2014-03-01,29484
,2014-03-01,600001
Java,2014-03-01,621650
PHP,2014-03-01,397102
REALbasic,2014-03-01,43
Clean,2014-03-01,76
Oxygene,2014-03-01,18
ooc,2014-03-01,23
Factor,2014-03-01,108
SuperCollider,2014-03-01,185
Scilab,2014-03-01,120
Self,2014-03-01,15
eC,2014-03-01,18
Turing,2014-03-01,82
Logtalk,2014-03-01,97
Prolog,2014-03-01,106
Ecl,2014-03-01,18
Crystal,2014-03-01,88
J,2014-03-01,20
VimL,2014-03-01,41491
XC,2014-03-01,191
Arc,2014-03-01,68
RobotFramework,2014-03-01,33
Parrot,2014-03-01,89
Boo,2014-03-01,104
Pike,2014-03-01,122
Haxe,2014-03-01,3048
Ceylon,2014-03-01,73
Mirah,2014-03-01,5
Matlab,2014-03-01,12288
Nimrod,2014-03-01,346
Erlang,2014-03-01,8449
Common Lisp,2014-03-01,3916
D,2014-03-01,4981
Gosu,2014-03-01,209
ASP,2014-03-01,4479
XSLT,2014-03-01,5175
Go,2014-03-01,38318
CoffeeScript,2014-03-01,33629
Haskell,2014-03-01,20103
Scala,2014-03-01,30145
Perl,2014-03-01,40537
ABAP,2014-03-01,12
Ioke,2014-03-01,5
Rebol,2014-03-01,35
Forth,2014-03-01,15
Objective-C,2014-03-01,85298
Fantom,2014-03-01,21
Ragel in Ruby Host,2014-03-01,27
HaXe,2014-03-01,88
Vala,2014-03-01,1526
Apex,2014-03-01,807
Puppet,2014-03-01,12955
BlitzBasic,2014-03-01,1171
XML,2014-03-01,1065
Agda,2014-03-01,319
UnrealScript,2014-03-01,302
Rust,2014-03-01,5620
Squirrel,2014-03-01,193
VHDL,2014-03-01,2718
Eiffel,2014-03-01,449
Coq,2014-03-01,610
Brightscript,2014-03-01,175
Bro,2014-03-01,30
OCaml,2014-03-01,5338
Pascal,2014-03-01,3641
Idris,2014-03-01,83
Objective-J,2014-03-01,289
Perl6,2014-03-01,207
Lasso,2014-03-01,571
KRL,2014-03-01,3220
Elm,2014-03-01,299
wisp,2014-03-01,64
Pure Data,2014-03-01,371
Opa,2014-03-01,5
Tcl,2014-03-01,988
DOT,2014-03-01,897
PogoScript,2014-03-01,8
Julia,2014-03-01,4762
Kotlin,2014-03-01,451
NetLogo,2014-03-01,227
LiveScript,2014-03-01,1640
ColdFusion,2014-03-01,946
xBase,2014-02-01,318
Agda,2014-02-01,297
HaXe,2014-02-01,73
Logos,2014-02-01,675
Squirrel,2014-02-01,107
Io,2014-02-01,81
ANTLR,2014-02-01,43
Elm,2014-02-01,177
Nimrod,2014-02-01,285
Gosu,2014-02-01,333
CLIPS,2014-02-01,31
AppleScript,2014-02-01,599
XQuery,2014-02-01,377
REALbasic,2014-02-01,70
Dylan,2014-02-01,141
COBOL,2014-02-01,101
Bluespec,2014-02-01,213
PowerShell,2014-02-01,3336
Elixir,2014-02-01,2017
Julia,2014-02-01,4063
DM,2014-02-01,1931
Scilab,2014-02-01,162
AutoHotkey,2014-02-01,1260
UnrealScript,2014-02-01,453
Ecl,2014-02-01,38
Brightscript,2014-02-01,251
Coq,2014-02-01,645
AutoIt,2014-02-01,316
M,2014-02-01,419
Ada,2014-02-01,394
Turing,2014-02-01,16
Apex,2014-02-01,938
MoonScript,2014-02-01,242
Opa,2014-02-01,3
Fantom,2014-02-01,5
Volt,2014-02-01,20
Boo,2014-02-01,126
Bro,2014-02-01,22
Clean,2014-02-01,70
Crystal,2014-02-01,65
ooc,2014-02-01,96
Forth,2014-02-01,11
Oxygene,2014-02-01,20
Self,2014-02-01,5
Awk,2014-02-01,143
Prolog,2014-02-01,113
Ioke,2014-02-01,1
J,2014-02-01,57
Augeas,2014-02-01,51
XProc,2014-02-01,67
Monkey,2014-02-01,32
Ragel in Ruby Host,2014-02-01,18
Omgrofl,2014-02-01,15
Rebol,2014-02-01,32
Pure Data,2014-02-01,244
DCPU-16-01 ASM,2014-02-01,15
Delphi,2014-02-01,48
RobotFramework,2014-02-01,17
Kotlin,2014-02-01,207
Glyph,2014-02-01,16
Factor,2014-02-01,98
Logtalk,2014-02-01,121
Idris,2014-02-01,114
KRL,2014-02-01,2913
NetLogo,2014-02-01,180
Smalltalk,2014-02-01,476
Tcl,2014-02-01,1072
C#,2014-02-01,106352
C++,2014-02-01,236938
Clojure,2014-02-01,14123
Arduino,2014-02-01,5509
TeX,2014-02-01,33245
Scala,2014-02-01,26534
Shell,2014-02-01,136554
CSS,2014-02-01,358542
R,2014-02-01,20914
nesC,2014-02-01,1288
PHP,2014-02-01,351792
Eiffel,2014-02-01,136
Objective-C,2014-02-01,71454
Go,2014-02-01,33539
OCaml,2014-02-01,4900
Matlab,2014-02-01,10137
Perl,2014-02-01,35189
Dart,2014-02-01,5353
Lua,2014-02-01,18392
Emacs Lisp,2014-02-01,17400
Haskell,2014-02-01,16946
ABAP,2014-02-01,5
Perl6,2014-02-01,194
Nemerle,2014-02-01,155
Ceylon,2014-02-01,80
SuperCollider,2014-02-01,197
Arc,2014-02-01,50
Parrot,2014-02-01,47
Fancy,2014-02-01,1
Nu,2014-02-01,4
Mirah,2014-02-01,15
Xtend,2014-02-01,276
VimL,2014-02-01,37502
wisp,2014-02-01,24
Slash,2014-02-01,67
PogoScript,2014-02-01,14
JavaScript,2014-02-01,751264
,2014-02-01,545072
C,2014-02-01,208538
Python,2014-02-01,502228
Ruby,2014-02-01,342268
Java,2014-02-01,520040
Max,2014-02-01,661
Standard ML,2014-02-01,1033
XSLT,2014-02-01,4330
XML,2014-02-01,1056
Groovy,2014-02-01,10396
FORTRAN,2014-02-01,2738
LiveScript,2014-02-01,903
Vala,2014-02-01,1212
Processing,2014-02-01,2886
Common Lisp,2014-02-01,3459
Haxe,2014-02-01,2853
Visual Basic,2014-02-01,3813
D,2014-02-01,5170
ASP,2014-02-01,4284
IDL,2014-02-01,1928
VHDL,2014-02-01,2543
Pascal,2014-02-01,3210
XC,2014-02-01,181
BlitzBasic,2014-02-01,1142
OpenEdge ABL,2014-02-01,582
Verilog,2014-02-01,1207
Lasso,2014-02-01,462
Puppet,2014-02-01,10833
Racket,2014-02-01,1706
F#,2014-02-01,2684
ActionScript,2014-02-01,5687
CoffeeScript,2014-02-01,28055
TypeScript,2014-02-01,10594
Scheme,2014-02-01,3772
Objective-J,2014-02-01,446
DOT,2014-02-01,833
Assembly,2014-02-01,4028
ColdFusion,2014-02-01,1423
Pike,2014-02-01,138
Erlang,2014-02-01,7206
Rust,2014-02-01,6217
Ada,2014-01-01,443
Boo,2014-01-01,86
Visual Basic,2014-01-01,3498
Prolog,2014-01-01,166
Bluespec,2014-01-01,200
NetLogo,2014-01-01,82
PogoScript,2014-01-01,25
Fantom,2014-01-01,12
DCPU-16-01 ASM,2014-01-01,76
ooc,2014-01-01,175
Nimrod,2014-01-01,169
Self,2014-01-01,13
ABAP,2014-01-01,8
Crystal,2014-01-01,113
Ecl,2014-01-01,29
Logtalk,2014-01-01,125
Arc,2014-01-01,89
Nemerle,2014-01-01,125
Elm,2014-01-01,300
Oxygene,2014-01-01,21
Delphi,2014-01-01,32
Idris,2014-01-01,117
ANTLR,2014-01-01,81
Kotlin,2014-01-01,211
Ceylon,2014-01-01,192
Nu,2014-01-01,13
MoonScript,2014-01-01,156
Bro,2014-01-01,40
Smalltalk,2014-01-01,463
Coq,2014-01-01,715
Monkey,2014-01-01,24
Factor,2014-01-01,57
Augeas,2014-01-01,35
Common Lisp,2014-01-01,4690
Dylan,2014-01-01,238
M,2014-01-01,496
XML,2014-01-01,1311
XQuery,2014-01-01,394
Dart,2014-01-01,5150
DM,2014-01-01,2753
Ragel in Ruby Host,2014-01-01,17
ActionScript,2014-01-01,6946
OCaml,2014-01-01,5591
VHDL,2014-01-01,2290
Haskell,2014-01-01,18050
R,2014-01-01,22432
Lua,2014-01-01,20963
Volt,2014-01-01,20
Processing,2014-01-01,4107
Emacs Lisp,2014-01-01,19049
ColdFusion,2014-01-01,1436
REALbasic,2014-01-01,60
Rouge,2014-01-01,5
COBOL,2014-01-01,158
Turing,2014-01-01,21
CLIPS,2014-01-01,65
Awk,2014-01-01,256
FORTRAN,2014-01-01,2582
nesC,2014-01-01,1316
Standard ML,2014-01-01,720
AutoHotkey,2014-01-01,797
Vala,2014-01-01,1405
DOT,2014-01-01,1184
ASP,2014-01-01,3033
Brightscript,2014-01-01,195
Pure Data,2014-01-01,152
PowerShell,2014-01-01,3415
Puppet,2014-01-01,10872
C++,2014-01-01,235408
PHP,2014-01-01,361341
Perl,2014-01-01,37549
TeX,2014-01-01,32177
Shell,2014-01-01,139162
Scala,2014-01-01,26682
CSS,2014-01-01,333915
JavaScript,2014-01-01,755947
Matlab,2014-01-01,9964
Java,2014-01-01,521002
Julia,2014-01-01,3476
VimL,2014-01-01,39678
Ruby,2014-01-01,347480
Python,2014-01-01,386676
,2014-01-01,496217
C,2014-01-01,214970
D,2014-01-01,4283
Go,2014-01-01,33647
wisp,2014-01-01,1
Opa,2014-01-01,2
BlitzBasic,2014-01-01,1279
Glyph,2014-01-01,15
Ioke,2014-01-01,2
Rust,2014-01-01,6205
Arduino,2014-01-01,5111
HaXe,2014-01-01,114
Clojure,2014-01-01,15141
Objective-C,2014-01-01,69212
CoffeeScript,2014-01-01,27146
TypeScript,2014-01-01,11098
Erlang,2014-01-01,7503
Groovy,2014-01-01,9154
C#,2014-01-01,107750
Racket,2014-01-01,1772
Scheme,2014-01-01,3489
Verilog,2014-01-01,1089
Elixir,2014-01-01,1714
Fancy,2014-01-01,1
Apex,2014-01-01,510
Xtend,2014-01-01,288
Tcl,2014-01-01,1147
F#,2014-01-01,2640
OpenEdge ABL,2014-01-01,719
UnrealScript,2014-01-01,561
J,2014-01-01,15
SuperCollider,2014-01-01,257
AppleScript,2014-01-01,604
Pike,2014-01-01,114
eC,2014-01-01,1
IDL,2014-01-01,2854
XC,2014-01-01,180
KRL,2014-01-01,36
xBase,2014-01-01,338
Scilab,2014-01-01,176
Logos,2014-01-01,1080
Perl6,2014-01-01,299
XProc,2014-01-01,105
TXL,2014-01-01,1
Assembly,2014-01-01,3446
XSLT,2014-01-01,5456
Mirah,2014-01-01,12
Clean,2014-01-01,25
Gosu,2014-01-01,207
Squirrel,2014-01-01,105
Slash,2014-01-01,337
Forth,2014-01-01,30
AutoIt,2014-01-01,379
LiveScript,2014-01-01,912
Io,2014-01-01,159
Eiffel,2014-01-01,378
Parrot,2014-01-01,76
Omgrofl,2014-01-01,4
Rebol,2014-01-01,2
Objective-J,2014-01-01,376
Agda,2014-01-01,310
Max,2014-01-01,493
Lasso,2014-01-01,454
Pascal,2014-01-01,2847
Haxe,2014-01-01,2773
BlitzBasic,2013-12-01,781
REALbasic,2013-12-01,24
Pike,2013-12-01,90
AppleScript,2013-12-01,313
M,2013-12-01,412
Io,2013-12-01,92
Bro,2013-12-01,34
ooc,2013-12-01,116
Idris,2013-12-01,67
XProc,2013-12-01,46
PogoScript,2013-12-01,29
ABAP,2013-12-01,2
HaXe,2013-12-01,139
Delphi,2013-12-01,39
AutoIt,2013-12-01,211
Eiffel,2013-12-01,354
XQuery,2013-12-01,221
Elixir,2013-12-01,1799
Elm,2013-12-01,296
Julia,2013-12-01,2789
LiveScript,2013-12-01,1007
xBase,2013-12-01,216
Lasso,2013-12-01,563
Coq,2013-12-01,803
Apex,2013-12-01,351
RobotFramework,2013-12-01,2
Max,2013-12-01,492
SuperCollider,2013-12-01,259
KRL,2013-12-01,142
Objective-J,2013-12-01,367
Nimrod,2013-12-01,383
Factor,2013-12-01,78
Mirah,2013-12-01,15
DM,2013-12-01,1726
Agda,2013-12-01,277
XC,2013-12-01,188
Scilab,2013-12-01,124
Smalltalk,2013-12-01,414
AutoHotkey,2013-12-01,604
TXL,2013-12-01,17
Awk,2013-12-01,210
Ceylon,2013-12-01,201
MoonScript,2013-12-01,120
Tcl,2013-12-01,905
Logtalk,2013-12-01,90
UnrealScript,2013-12-01,267
Gosu,2013-12-01,179
Xtend,2013-12-01,184
Squirrel,2013-12-01,132
Brightscript,2013-12-01,231
Dylan,2013-12-01,145
Pure Data,2013-12-01,214
nesC,2013-12-01,728
Ada,2013-12-01,498
Fancy,2013-12-01,3
Boo,2013-12-01,132
Turing,2013-12-01,2
Vala,2013-12-01,1268
Rebol,2013-12-01,7
Matlab,2013-12-01,13157
Nu,2013-12-01,4
J,2013-12-01,34
NetLogo,2013-12-01,107
ANTLR,2013-12-01,28
Crystal,2013-12-01,25
Perl6,2013-12-01,64
Ragel in Ruby Host,2013-12-01,24
CLIPS,2013-12-01,31
IDL,2013-12-01,324
TypeScript,2013-12-01,7895
ActionScript,2013-12-01,7732
Forth,2013-12-01,7
Ecl,2013-12-01,17
Assembly,2013-12-01,3008
ColdFusion,2013-12-01,989
Logos,2013-12-01,5926
Puppet,2013-12-01,9539
Rust,2013-12-01,4470
Racket,2013-12-01,1625
TeX,2013-12-01,28378
Volt,2013-12-01,11
Scala,2013-12-01,22599
C++,2013-12-01,220012
C,2013-12-01,198514
Java,2013-12-01,481495
JavaScript,2013-12-01,671949
Glyph,2013-12-01,23
DCPU-16-01 ASM,2013-12-01,14
Python,2013-12-01,330947
VimL,2013-12-01,36125
Go,2013-12-01,28412
CSS,2013-12-01,309269
,2013-12-01,415684
Haskell,2013-12-01,15243
R,2013-12-01,15271
PHP,2013-12-01,302210
Shell,2013-12-01,136196
Erlang,2013-12-01,6931
Objective-C,2013-12-01,62551
Verilog,2013-12-01,1676
Groovy,2013-12-01,7655
C#,2013-12-01,95391
Emacs Lisp,2013-12-01,17120
Perl,2013-12-01,31724
Scheme,2013-12-01,2454
OCaml,2013-12-01,6668
Pascal,2013-12-01,1626
DOT,2013-12-01,1269
Prolog,2013-12-01,2062
Clojure,2013-12-01,12414
Processing,2013-12-01,4053
Lua,2013-12-01,17818
OpenEdge ABL,2013-12-01,713
Arduino,2013-12-01,4590
wisp,2013-12-01,20
Bluespec,2013-12-01,171
Nemerle,2013-12-01,187
F#,2013-12-01,2497
Slash,2013-12-01,191
D,2013-12-01,4237
Fantom,2013-12-01,9
Ruby,2013-12-01,313487
Clean,2013-12-01,15
Monkey,2013-12-01,21
PowerShell,2013-12-01,2965
COBOL,2013-12-01,57
Parrot,2013-12-01,52
Common Lisp,2013-12-01,3155
VHDL,2013-12-01,1528
FORTRAN,2013-12-01,2193
CoffeeScript,2013-12-01,25216
Augeas,2013-12-01,45
XML,2013-12-01,1179
Self,2013-12-01,2
ASP,2013-12-01,2710
Oxygene,2013-12-01,1492
Dart,2013-12-01,3594
Haxe,2013-12-01,2121
XSLT,2013-12-01,3815
Standard ML,2013-12-01,824
Kotlin,2013-12-01,124
Arc,2013-12-01,44
Visual Basic,2013-12-01,2980
Augeas,2013-11-01,31
TXL,2013-11-01,1
Factor,2013-11-01,624
Ragel in Ruby Host,2013-11-01,54
Nu,2013-11-01,10
Bro,2013-11-01,40
Rebol,2013-11-01,21
Fancy,2013-11-01,10
HaXe,2013-11-01,90
J,2013-11-01,64
Mirah,2013-11-01,3
Python,2013-11-01,354225
Visual Basic,2013-11-01,2896
F#,2013-11-01,2078
AutoHotkey,2013-11-01,849
Kotlin,2013-11-01,172
Lasso,2013-11-01,669
OpenEdge ABL,2013-11-01,1678
Ada,2013-11-01,512
Pure Data,2013-11-01,367
Processing,2013-11-01,3288
Elixir,2013-11-01,1453
SuperCollider,2013-11-01,619
VHDL,2013-11-01,1801
PowerShell,2013-11-01,2929
Dart,2013-11-01,3653
ASP,2013-11-01,3905
Standard ML,2013-11-01,944
Objective-J,2013-11-01,212
Coq,2013-11-01,874
Slash,2013-11-01,297
Verilog,2013-11-01,2090
Smalltalk,2013-11-01,350
XSLT,2013-11-01,4277
XQuery,2013-11-01,346
Puppet,2013-11-01,10860
Assembly,2013-11-01,2957
DOT,2013-11-01,1395
Vala,2013-11-01,1105
Scheme,2013-11-01,2349
R,2013-11-01,15973
Nimrod,2013-11-01,213
Io,2013-11-01,132
Dylan,2013-11-01,139
Logtalk,2013-11-01,74
wisp,2013-11-01,14
Arc,2013-11-01,9
Forth,2013-11-01,34
PogoScript,2013-11-01,22
Squirrel,2013-11-01,262
AppleScript,2013-11-01,136
Ecl,2013-11-01,20
Eiffel,2013-11-01,291
Xtend,2013-11-01,248
Delphi,2013-11-01,161
ABAP,2013-11-01,11
Pike,2013-11-01,79
Ceylon,2013-11-01,196
Gosu,2013-11-01,145
Boo,2013-11-01,130
XML,2013-11-01,493
MoonScript,2013-11-01,65
Nemerle,2013-11-01,254
Tcl,2013-11-01,1187
LiveScript,2013-11-01,546
Parrot,2013-11-01,107
Elm,2013-11-01,316
Scilab,2013-11-01,149
Awk,2013-11-01,212
PHP,2013-11-01,315372
Scala,2013-11-01,25492
FORTRAN,2013-11-01,3052
Perl,2013-11-01,35682
OCaml,2013-11-01,5490
C,2013-11-01,200827
Go,2013-11-01,25741
,2013-11-01,472200
Java,2013-11-01,523247
Rouge,2013-11-01,6
CLIPS,2013-11-01,15
Matlab,2013-11-01,14279
XProc,2013-11-01,35
Ruby,2013-11-01,337189
XC,2013-11-01,272
Volt,2013-11-01,5
Logos,2013-11-01,8071
ActionScript,2013-11-01,6986
ooc,2013-11-01,42
C++,2013-11-01,240963
JavaScript,2013-11-01,683018
CSS,2013-11-01,321011
Self,2013-11-01,8
Fantom,2013-11-01,1
COBOL,2013-11-01,23
Monkey,2013-11-01,6
Max,2013-11-01,15
DCPU-16-01 ASM,2013-11-01,7
CoffeeScript,2013-11-01,25105
M,2013-11-01,607
Racket,2013-11-01,2505
D,2013-11-01,4461
ColdFusion,2013-11-01,1382
Pascal,2013-11-01,2627
Clojure,2013-11-01,11781
Prolog,2013-11-01,4109
Haskell,2013-11-01,15248
TypeScript,2013-11-01,5954
Common Lisp,2013-11-01,3617
VimL,2013-11-01,36228
Julia,2013-11-01,2330
eC,2013-11-01,1
Apex,2013-11-01,436
Turing,2013-11-01,6
Arduino,2013-11-01,4485
Lua,2013-11-01,15528
C#,2013-11-01,98346
Shell,2013-11-01,135590
Emacs Lisp,2013-11-01,17008
Objective-C,2013-11-01,67018
Haxe,2013-11-01,2081
Groovy,2013-11-01,8619
Rust,2013-11-01,4183
Erlang,2013-11-01,7810
Opa,2013-10-01,1
Nimrod,2013-10-01,211
ABAP,2013-10-01,2
Ceylon,2013-10-01,135
Rebol,2013-10-01,4
CLIPS,2013-10-01,27
HaXe,2013-10-01,118
LiveScript,2013-10-01,518
wisp,2013-10-01,1
Turing,2013-10-01,1
Groovy,2013-10-01,9573
AppleScript,2013-10-01,187
Apex,2013-10-01,409
Lasso,2013-10-01,576
Scilab,2013-10-01,177
Parrot,2013-10-01,273
VimL,2013-10-01,36602
Standard ML,2013-10-01,1167
ActionScript,2013-10-01,5849
Ada,2013-10-01,767
Go,2013-10-01,25265
XSLT,2013-10-01,4278
Scala,2013-10-01,26696
FORTRAN,2013-10-01,2475
Emacs Lisp,2013-10-01,17507
Vala,2013-10-01,1021
Io,2013-10-01,116
Eiffel,2013-10-01,359
SuperCollider,2013-10-01,461
Ecl,2013-10-01,68
Smalltalk,2013-10-01,479
MoonScript,2013-10-01,46
ASP,2013-10-01,3334
VHDL,2013-10-01,1653
Haxe,2013-10-01,1581
Awk,2013-10-01,213
Squirrel,2013-10-01,93
OpenEdge ABL,2013-10-01,1154
ColdFusion,2013-10-01,1402
Arduino,2013-10-01,4030
Slash,2013-10-01,430
Lua,2013-10-01,14141
Visual Basic,2013-10-01,3290
Processing,2013-10-01,2676
TypeScript,2013-10-01,5569
OCaml,2013-10-01,5259
Pascal,2013-10-01,3134
Scheme,2013-10-01,2804
DOT,2013-10-01,1443
Logos,2013-10-01,5676
Haskell,2013-10-01,17070
F#,2013-10-01,2148
Assembly,2013-10-01,2440
CoffeeScript,2013-10-01,25026
PowerShell,2013-10-01,2622
Tcl,2013-10-01,895
Dart,2013-10-01,3032
Racket,2013-10-01,2760
Prolog,2013-10-01,2110
Julia,2013-10-01,2480
Elixir,2013-10-01,1614
Nemerle,2013-10-01,290
Verilog,2013-10-01,1363
Rust,2013-10-01,4290
AutoHotkey,2013-10-01,708
Common Lisp,2013-10-01,3333
Coq,2013-10-01,513
Factor,2013-10-01,130
Ragel in Ruby Host,2013-10-01,13
eC,2013-10-01,1
Mirah,2013-10-01,3
Arc,2013-10-01,34
Gosu,2013-10-01,271
Fantom,2013-10-01,9
Nu,2013-10-01,9
Elm,2013-10-01,26
Fancy,2013-10-01,62
COBOL,2013-10-01,16
PogoScript,2013-10-01,8
Volt,2013-10-01,2
M,2013-10-01,384
Max,2013-10-01,8
Bro,2013-10-01,50
Pike,2013-10-01,32
XML,2013-10-01,687
Pure Data,2013-10-01,156
Kotlin,2013-10-01,190
XQuery,2013-10-01,276
Self,2013-10-01,2
Boo,2013-10-01,94
Monkey,2013-10-01,16
Dylan,2013-10-01,43
XC,2013-10-01,406
Forth,2013-10-01,30
Python,2013-10-01,353859
Clojure,2013-10-01,13689
R,2013-10-01,16442
Perl,2013-10-01,36316
Puppet,2013-10-01,12439
D,2013-10-01,4004
Matlab,2013-10-01,11609
Erlang,2013-10-01,7174
C++,2013-10-01,229710
Objective-C,2013-10-01,64142
C,2013-10-01,192613
C#,2013-10-01,88584
Java,2013-10-01,472524
Ruby,2013-10-01,350320
Augeas,2013-10-01,43
CSS,2013-10-01,299209
,2013-10-01,567002
PHP,2013-10-01,318690
Shell,2013-10-01,147452
JavaScript,2013-10-01,665083
Logtalk,2013-10-01,79
Objective-J,2013-10-01,137
Xtend,2013-10-01,162
XProc,2013-10-01,18
ooc,2013-10-01,51
DCPU-16-01 ASM,2013-10-01,3
Delphi,2013-10-01,168
Haxe,2013-09-01,1436
PowerShell,2013-09-01,2201
Arduino,2013-09-01,3625
TypeScript,2013-09-01,5066
Racket,2013-09-01,2414
Processing,2013-09-01,2069
Delphi,2013-09-01,1801
Apex,2013-09-01,315
Standard ML,2013-09-01,552
Xtend,2013-09-01,138
Dart,2013-09-01,2144
SuperCollider,2013-09-01,527
OpenEdge ABL,2013-09-01,681
Assembly,2013-09-01,2083
M,2013-09-01,256
XQuery,2013-09-01,251
Nimrod,2013-09-01,95
HaXe,2013-09-01,102
AppleScript,2013-09-01,180
Ceylon,2013-09-01,84
XSLT,2013-09-01,3333
Coq,2013-09-01,447
Matlab,2013-09-01,8606
Verilog,2013-09-01,999
Emacs Lisp,2013-09-01,14295
Pascal,2013-09-01,1167
LiveScript,2013-09-01,298
Common Lisp,2013-09-01,2698
Kotlin,2013-09-01,106
Lasso,2013-09-01,382
ASP,2013-09-01,2049
FORTRAN,2013-09-01,2012
Clojure,2013-09-01,10489
Tcl,2013-09-01,711
Ada,2013-09-01,294
Rust,2013-09-01,3329
ColdFusion,2013-09-01,1439
Prolog,2013-09-01,1692
Scheme,2013-09-01,2000
Squirrel,2013-09-01,60
Self,2013-09-01,9
Dylan,2013-09-01,65
Nu,2013-09-01,9
Ragel in Ruby Host,2013-09-01,13
Max,2013-09-01,12
Forth,2013-09-01,23
Augeas,2013-09-01,9
Boo,2013-09-01,27
Parrot,2013-09-01,181
Objective-J,2013-09-01,68
eC,2013-09-01,38
MoonScript,2013-09-01,76
Awk,2013-09-01,153
XML,2013-09-01,434
XC,2013-09-01,111
Arc,2013-09-01,20
Scilab,2013-09-01,158
Logtalk,2013-09-01,89
Bro,2013-09-01,25
Elixir,2013-09-01,1289
Slash,2013-09-01,280
Vala,2013-09-01,1307
DOT,2013-09-01,1238
Factor,2013-09-01,116
F#,2013-09-01,1171
Julia,2013-09-01,1525
Nemerle,2013-09-01,317
Logos,2013-09-01,3829
Smalltalk,2013-09-01,418
Pike,2013-09-01,20
Gosu,2013-09-01,190
Pure Data,2013-09-01,116
DCPU-16-01 ASM,2013-09-01,97
XProc,2013-09-01,40
Ecl,2013-09-01,47
Rebol,2013-09-01,16
Python,2013-09-01,282766
JavaScript,2013-09-01,548990
C#,2013-09-01,65588
Groovy,2013-09-01,5956
Visual Basic,2013-09-01,2841
C,2013-09-01,151354
CSS,2013-09-01,234441
,2013-09-01,433269
C++,2013-09-01,176528
Erlang,2013-09-01,6392
Ruby,2013-09-01,271807
Go,2013-09-01,21688
Monkey,2013-09-01,15
wisp,2013-09-01,3
Rouge,2013-09-01,1
Opa,2013-09-01,6
PogoScript,2013-09-01,1
COBOL,2013-09-01,4
ABAP,2013-09-01,7
Mirah,2013-09-01,7
CLIPS,2013-09-01,7
Fancy,2013-09-01,6
Shell,2013-09-01,103020
D,2013-09-01,3365
Io,2013-09-01,85
AutoHotkey,2013-09-01,704
VHDL,2013-09-01,999
Lua,2013-09-01,13070
Perl,2013-09-01,31770
VimL,2013-09-01,32372
Scala,2013-09-01,21277
OCaml,2013-09-01,4087
Objective-C,2013-09-01,50137
R,2013-09-01,11637
Puppet,2013-09-01,9807
CoffeeScript,2013-09-01,20603
Haskell,2013-09-01,16112
Java,2013-09-01,353913
Eiffel,2013-09-01,557
PHP,2013-09-01,252464
ActionScript,2013-09-01,4834
PowerShell,2013-08-01,2553
M,2013-08-01,302
Gosu,2013-08-01,237
Kotlin,2013-08-01,220
Fantom,2013-08-01,1
ABAP,2013-08-01,3
Pike,2013-08-01,2
PogoScript,2013-08-01,6
Rouge,2013-08-01,2
Nu,2013-08-01,10
Ada,2013-08-01,361
Scilab,2013-08-01,72
Clojure,2013-08-01,11569
CoffeeScript,2013-08-01,21996
ASP,2013-08-01,1923
C#,2013-08-01,67521
Processing,2013-08-01,1988
Max,2013-08-01,8
eC,2013-08-01,15
Shell,2013-08-01,107158
CSS,2013-08-01,260971
PHP,2013-08-01,261619
Ragel in Ruby Host,2013-08-01,12
Self,2013-08-01,1
C,2013-08-01,156760
,2013-08-01,375948
Perl,2013-08-01,33252
Common Lisp,2013-08-01,2857
JavaScript,2013-08-01,614155
C++,2013-08-01,177145
Python,2013-08-01,297989
Ruby,2013-08-01,301632
Fancy,2013-08-01,4
Java,2013-08-01,361296
Verilog,2013-08-01,1087
Dart,2013-08-01,2008
AutoHotkey,2013-08-01,698
Haxe,2013-08-01,1710
OpenEdge ABL,2013-08-01,567
SuperCollider,2013-08-01,479
Emacs Lisp,2013-08-01,15477
Go,2013-08-01,22773
Coq,2013-08-01,619
Nemerle,2013-08-01,225
Slash,2013-08-01,255
R,2013-08-01,11842
Forth,2013-08-01,22
Logtalk,2013-08-01,59
Factor,2013-08-01,171
Arc,2013-08-01,32
Pure Data,2013-08-01,164
TypeScript,2013-08-01,5025
ooc,2013-08-01,120
Racket,2013-08-01,1968
wisp,2013-08-01,21
Bro,2013-08-01,45
Puppet,2013-08-01,9085
MoonScript,2013-08-01,54
Rust,2013-08-01,3875
D,2013-08-01,4019
Elixir,2013-08-01,1936
ColdFusion,2013-08-01,1200
Assembly,2013-08-01,1892
Smalltalk,2013-08-01,383
XQuery,2013-08-01,229
Awk,2013-08-01,155
VHDL,2013-08-01,639
LiveScript,2013-08-01,623
Tcl,2013-08-01,713
AppleScript,2013-08-01,114
Standard ML,2013-08-01,451
Ceylon,2013-08-01,59
F#,2013-08-01,1139
XSLT,2013-08-01,3834
Eiffel,2013-08-01,331
Prolog,2013-08-01,1609
XML,2013-08-01,662
Augeas,2013-08-01,73
XC,2013-08-01,44
Objective-J,2013-08-01,139
CLIPS,2013-08-01,22
XProc,2013-08-01,42
Parrot,2013-08-01,122
Io,2013-08-01,91
Monkey,2013-08-01,42
Arduino,2013-08-01,3132
HaXe,2013-08-01,83
DOT,2013-08-01,1040
Scheme,2013-08-01,2966
Delphi,2013-08-01,2309
Vala,2013-08-01,861
Boo,2013-08-01,20
Lua,2013-08-01,13682
ActionScript,2013-08-01,5442
Erlang,2013-08-01,6591
Apex,2013-08-01,453
Objective-C,2013-08-01,50954
Mirah,2013-08-01,24
DCPU-16-01 ASM,2013-08-01,19
VimL,2013-08-01,36329
Groovy,2013-08-01,6525
Julia,2013-08-01,1784
Scala,2013-08-01,23465
Rebol,2013-08-01,59
Lasso,2013-08-01,319
Xtend,2013-08-01,131
Logos,2013-08-01,3226
Nimrod,2013-08-01,108
FORTRAN,2013-08-01,2334
OCaml,2013-08-01,4416
Matlab,2013-08-01,7979
Visual Basic,2013-08-01,2641
Haskell,2013-08-01,14959
Ecl,2013-08-01,51
Dylan,2013-08-01,157
Forth,2013-07-01,77
Rebol,2013-07-01,92
C#,2013-07-01,69009
Java,2013-07-01,371268
eC,2013-07-01,22
Ruby,2013-07-01,337421
JavaScript,2013-07-01,785793
PHP,2013-07-01,278853
C++,2013-07-01,195560
,2013-07-01,369633
Clojure,2013-07-01,11897
Nu,2013-07-01,5
Ecl,2013-07-01,9
Arc,2013-07-01,81
XML,2013-07-01,890
Ragel in Ruby Host,2013-07-01,52
Io,2013-07-01,104
Dylan,2013-07-01,218
XProc,2013-07-01,106
Awk,2013-07-01,84
Bro,2013-07-01,21
Parrot,2013-07-01,153
Max,2013-07-01,56
Pure Data,2013-07-01,499
CSS,2013-07-01,8925
Kotlin,2013-07-01,181
Lasso,2013-07-01,325
Ceylon,2013-07-01,55
Scilab,2013-07-01,140
Boo,2013-07-01,33
XQuery,2013-07-01,160
Xtend,2013-07-01,178
Logos,2013-07-01,3317
ActionScript,2013-07-01,6354
ColdFusion,2013-07-01,1412
XSLT,2013-07-01,3546
Vala,2013-07-01,436
PowerShell,2013-07-01,1976
Common Lisp,2013-07-01,2783
Ada,2013-07-01,565
CoffeeScript,2013-07-01,23775
Delphi,2013-07-01,2562
F#,2013-07-01,1414
D,2013-07-01,3139
Assembly,2013-07-01,1861
Erlang,2013-07-01,6862
Eiffel,2013-07-01,190
Factor,2013-07-01,231
Coq,2013-07-01,504
OpenEdge ABL,2013-07-01,1037
Go,2013-07-01,20410
Scala,2013-07-01,22288
Arduino,2013-07-01,3457
Haskell,2013-07-01,14414
Perl,2013-07-01,36153
Visual Basic,2013-07-01,2656
Objective-C,2013-07-01,53724
Puppet,2013-07-01,9078
Matlab,2013-07-01,8104
ASP,2013-07-01,2154
Groovy,2013-07-01,7443
Slash,2013-07-01,144
Dart,2013-07-01,2672
VHDL,2013-07-01,839
Smalltalk,2013-07-01,636
Scheme,2013-07-01,2579
Verilog,2013-07-01,1000
ooc,2013-07-01,90
Gosu,2013-07-01,142
Objective-J,2013-07-01,206
AppleScript,2013-07-01,149
Mirah,2013-07-01,4
Monkey,2013-07-01,10
Pike,2013-07-01,25
XC,2013-07-01,87
wisp,2013-07-01,6
Nemerle,2013-07-01,189
ABAP,2013-07-01,6
Turing,2013-07-01,37
MoonScript,2013-07-01,65
Fancy,2013-07-01,21
DCPU-16-01 ASM,2013-07-01,15
PogoScript,2013-07-01,14
Augeas,2013-07-01,20
Logtalk,2013-07-01,16
Tcl,2013-07-01,808
Julia,2013-07-01,2311
Haxe,2013-07-01,1798
Nimrod,2013-07-01,231
FORTRAN,2013-07-01,2230
Elixir,2013-07-01,2010
Prolog,2013-07-01,1941
HaXe,2013-07-01,140
Processing,2013-07-01,1988
OCaml,2013-07-01,3352
LiveScript,2013-07-01,454
Racket,2013-07-01,2211
SuperCollider,2013-07-01,708
M,2013-07-01,288
AutoHotkey,2013-07-01,736
CLIPS,2013-07-01,68
Apex,2013-07-01,296
Standard ML,2013-07-01,617
DOT,2013-07-01,1319
C,2013-07-01,154590
Lua,2013-07-01,13177
Python,2013-07-01,329730
Emacs Lisp,2013-07-01,14623
Rust,2013-07-01,3609
R,2013-07-01,11310
VimL,2013-07-01,36209
Shell,2013-07-01,115076
TypeScript,2013-07-01,5088
Groovy,2013-06-01,7738
Ruby,2013-06-01,301555
Matlab,2013-06-01,8424
C++,2013-06-01,173563
C#,2013-06-01,69287
C,2013-06-01,154632
Lua,2013-06-01,12836
Clojure,2013-06-01,11994
PHP,2013-06-01,259043
JavaScript,2013-06-01,668798
,2013-06-01,335295
Java,2013-06-01,371006
eC,2013-06-01,11
Erlang,2013-06-01,6489
Shell,2013-06-01,97018
XSLT,2013-06-01,2503
Scala,2013-06-01,19849
VimL,2013-06-01,32075
Go,2013-06-01,18404
CoffeeScript,2013-06-01,21686
Objective-C,2013-06-01,48616
Perl,2013-06-01,34297
Delphi,2013-06-01,2721
Haskell,2013-06-01,13722
Racket,2013-06-01,2011
Assembly,2013-06-01,1955
Rust,2013-06-01,3010
VHDL,2013-06-01,849
Emacs Lisp,2013-06-01,13154
TypeScript,2013-06-01,4751
Rouge,2013-06-01,1
PogoScript,2013-06-01,21
OpenEdge ABL,2013-06-01,388
Parrot,2013-06-01,209
AppleScript,2013-06-01,211
Boo,2013-06-01,121
M,2013-06-01,214
Rebol,2013-06-01,116
SuperCollider,2013-06-01,398
Monkey,2013-06-01,53
ABAP,2013-06-01,3
HaXe,2013-06-01,148
Objective-J,2013-06-01,273
Max,2013-06-01,33
CLIPS,2013-06-01,69
Ecl,2013-06-01,9
Gosu,2013-06-01,176
Arc,2013-06-01,91
Ioke,2013-06-01,23
DCPU-16-01 ASM,2013-06-01,49
Turing,2013-06-01,41
Kotlin,2013-06-01,53
Logtalk,2013-06-01,23
Forth,2013-06-01,36
wisp,2013-06-01,4
Ceylon,2013-06-01,69
Ragel in Ruby Host,2013-06-01,38
Pike,2013-06-01,11
Python,2013-06-01,282602
XQuery,2013-06-01,118
LiveScript,2013-06-01,402
Arduino,2013-06-01,3195
Prolog,2013-06-01,1748
Processing,2013-06-01,2643
D,2013-06-01,3645
XML,2013-06-01,1331
Bro,2013-06-01,7
Mirah,2013-06-01,5
FORTRAN,2013-06-01,2199
Apex,2013-06-01,422
Fancy,2013-06-01,18
Nemerle,2013-06-01,107
Haxe,2013-06-01,1845
ASP,2013-06-01,2500
DOT,2013-06-01,1035
Julia,2013-06-01,2109
F#,2013-06-01,1546
Standard ML,2013-06-01,528
Tcl,2013-06-01,687
OCaml,2013-06-01,4061
ooc,2013-06-01,15
Vala,2013-06-01,427
Nu,2013-06-01,12
Augeas,2013-06-01,20
MoonScript,2013-06-01,26
Smalltalk,2013-06-01,504
Factor,2013-06-01,80
Xtend,2013-06-01,157
Coq,2013-06-01,389
Dylan,2013-06-01,76
Awk,2013-06-01,166
R,2013-06-01,10522
Eiffel,2013-06-01,186
Pure Data,2013-06-01,223
Nimrod,2013-06-01,167
Verilog,2013-06-01,950
Scheme,2013-06-01,2272
PowerShell,2013-06-01,1913
Visual Basic,2013-06-01,2286
Lasso,2013-06-01,446
AutoHotkey,2013-06-01,679
Logos,2013-06-01,4617
ColdFusion,2013-06-01,1446
Io,2013-06-01,168
Dart,2013-06-01,2863
Puppet,2013-06-01,7720
Common Lisp,2013-06-01,3256
ActionScript,2013-06-01,5679
Scilab,2013-06-01,166
XProc,2013-06-01,19
Ada,2013-06-01,323
Elixir,2013-06-01,1570
Opa,2013-06-01,15
Forth,2013-05-01,30
AppleScript,2013-05-01,174
Bro,2013-05-01,11
Fancy,2013-05-01,18
Ceylon,2013-05-01,54
Mirah,2013-05-01,2
Nu,2013-05-01,8
Dylan,2013-05-01,53
Monkey,2013-05-01,59
Pike,2013-05-01,5
Ragel in Ruby Host,2013-05-01,10
Rouge,2013-05-01,2
Fantom,2013-05-01,5
Opa,2013-05-01,5
eC,2013-05-01,7
Max,2013-05-01,28
Boo,2013-05-01,54
Augeas,2013-05-01,42
Arc,2013-05-01,28
CLIPS,2013-05-01,12
Gosu,2013-05-01,86
Objective-C,2013-05-01,51396
Ruby,2013-05-01,312118
Python,2013-05-01,290271
C++,2013-05-01,207717
C#,2013-05-01,78912
VimL,2013-05-01,33115
Shell,2013-05-01,104083
Scala,2013-05-01,21642
Puppet,2013-05-01,7859
Clojure,2013-05-01,12618
Go,2013-05-01,17833
TypeScript,2013-05-01,4668
CoffeeScript,2013-05-01,22422
FORTRAN,2013-05-01,2347
Standard ML,2013-05-01,11355
JavaScript,2013-05-01,672829
Haskell,2013-05-01,13564
Arduino,2013-05-01,3696
Emacs Lisp,2013-05-01,15751
Rust,2013-05-01,3443
Dart,2013-05-01,2677
F#,2013-05-01,1373
Logos,2013-05-01,5784
Groovy,2013-05-01,7532
ColdFusion,2013-05-01,1504
VHDL,2013-05-01,1458
ActionScript,2013-05-01,6369
Haxe,2013-05-01,2503
Lua,2013-05-01,13036
Java,2013-05-01,421288
MoonScript,2013-05-01,47
Nimrod,2013-05-01,185
DCPU-16-01 ASM,2013-05-01,61
ooc,2013-05-01,90
Rebol,2013-05-01,59
Elixir,2013-05-01,910
Xtend,2013-05-01,86
Parrot,2013-05-01,130
OpenEdge ABL,2013-05-01,345
Eiffel,2013-05-01,264
XQuery,2013-05-01,140
Ada,2013-05-01,451
Scilab,2013-05-01,179
Prolog,2013-05-01,1814
,2013-05-01,339723
Perl,2013-05-01,35732
C,2013-05-01,170374
PHP,2013-05-01,277779
Io,2013-05-01,150
PowerShell,2013-05-01,1922
PogoScript,2013-05-01,5
Apex,2013-05-01,381
Tcl,2013-05-01,759
SuperCollider,2013-05-01,628
Nemerle,2013-05-01,169
HaXe,2013-05-01,216
Vala,2013-05-01,650
Delphi,2013-05-01,3119
DOT,2013-05-01,1099
Lasso,2013-05-01,526
ASP,2013-05-01,2861
Visual Basic,2013-05-01,2444
XML,2013-05-01,3810
Scheme,2013-05-01,2704
Common Lisp,2013-05-01,2987
R,2013-05-01,10544
Racket,2013-05-01,2137
Julia,2013-05-01,2176
Erlang,2013-05-01,6801
Awk,2013-05-01,212
Kotlin,2013-05-01,104
Turing,2013-05-01,55
D,2013-05-01,3269
Pure Data,2013-05-01,376
AutoHotkey,2013-05-01,579
Objective-J,2013-05-01,288
Omgrofl,2013-05-01,2
Ecl,2013-05-01,39
LiveScript,2013-05-01,420
Factor,2013-05-01,204
Assembly,2013-05-01,2749
OCaml,2013-05-01,3962
Smalltalk,2013-05-01,585
Logtalk,2013-05-01,138
Verilog,2013-05-01,1184
Matlab,2013-05-01,10296
Coq,2013-05-01,1067
Processing,2013-05-01,2318
Nu,2013-04-01,129
Pike,2013-04-01,25
Ceylon,2013-04-01,50
C,2013-04-01,167192
PowerShell,2013-04-01,1720
Shell,2013-04-01,97064
PHP,2013-04-01,273598
,2013-04-01,342860
CoffeeScript,2013-04-01,20915
Objective-C,2013-04-01,55131
C#,2013-04-01,73263
Python,2013-04-01,285239
JavaScript,2013-04-01,641774
C++,2013-04-01,195143
Java,2013-04-01,422452
Ruby,2013-04-01,308832
Augeas,2013-04-01,38
Puppet,2013-04-01,8314
Xtend,2013-04-01,67
Fantom,2013-04-01,32
Logtalk,2013-04-01,53
Ioke,2013-04-01,9
Monkey,2013-04-01,44
CLIPS,2013-04-01,37
Scilab,2013-04-01,88
Io,2013-04-01,96
AppleScript,2013-04-01,212
Turing,2013-04-01,46
HaXe,2013-04-01,202
DCPU-16-01 ASM,2013-04-01,148
ABAP,2013-04-01,3
ooc,2013-04-01,85
eC,2013-04-01,3
Mirah,2013-04-01,1
Arc,2013-04-01,45
Ragel in Ruby Host,2013-04-01,39
PogoScript,2013-04-01,32
Max,2013-04-01,10
Boo,2013-04-01,91
Opa,2013-04-01,9
Rouge,2013-04-01,10
Bro,2013-04-01,11
Fancy,2013-04-01,2
ASP,2013-04-01,3468
Delphi,2013-04-01,2470
Dart,2013-04-01,3644
Common Lisp,2013-04-01,2901
VHDL,2013-04-01,1449
FORTRAN,2013-04-01,2066
Groovy,2013-04-01,7289
Ecl,2013-04-01,35
Factor,2013-04-01,646
Emacs Lisp,2013-04-01,16642
Prolog,2013-04-01,1477
Logos,2013-04-01,4731
D,2013-04-01,2590
Haxe,2013-04-01,2327
Racket,2013-04-01,1958
Julia,2013-04-01,2252
Lasso,2013-04-01,509
Processing,2013-04-01,3021
Erlang,2013-04-01,7200
Kotlin,2013-04-01,177
Verilog,2013-04-01,1865
Elixir,2013-04-01,593
R,2013-04-01,9719
Lua,2013-04-01,13907
Go,2013-04-01,15775
Arduino,2013-04-01,3591
Nemerle,2013-04-01,143
VimL,2013-04-01,35023
ColdFusion,2013-04-01,1706
Apex,2013-04-01,352
Objective-J,2013-04-01,231
XML,2013-04-01,4237
Visual Basic,2013-04-01,2586
Scheme,2013-04-01,2892
ActionScript,2013-04-01,6667
Forth,2013-04-01,16
OCaml,2013-04-01,3542
Haskell,2013-04-01,13566
TypeScript,2013-04-01,3458
DOT,2013-04-01,1239
Smalltalk,2013-04-01,715
Matlab,2013-04-01,11993
Scala,2013-04-01,20933
Perl,2013-04-01,33890
Clojure,2013-04-01,11234
Pure Data,2013-04-01,224
Awk,2013-04-01,143
Nimrod,2013-04-01,103
Dylan,2013-04-01,83
Ada,2013-04-01,526
Rebol,2013-04-01,29
LiveScript,2013-04-01,408
AutoHotkey,2013-04-01,464
MoonScript,2013-04-01,108
F#,2013-04-01,1453
Vala,2013-04-01,626
Assembly,2013-04-01,2699
Coq,2013-04-01,1053
XQuery,2013-04-01,193
Rust,2013-04-01,2155
Eiffel,2013-04-01,609
SuperCollider,2013-04-01,415
OpenEdge ABL,2013-04-01,415
Standard ML,2013-04-01,6725
Parrot,2013-04-01,131
Gosu,2013-04-01,117
Tcl,2013-04-01,518
Puppet,2013-03-01,7403
Julia,2013-03-01,2160
Shell,2013-03-01,90977
Logos,2013-03-01,2800
ActionScript,2013-03-01,6282
Groovy,2013-03-01,7208
Emacs Lisp,2013-03-01,15904
Go,2013-03-01,13910
Clojure,2013-03-01,12136
Assembly,2013-03-01,2234
Haskell,2013-03-01,15197
Vala,2013-03-01,680
CoffeeScript,2013-03-01,21912
Dart,2013-03-01,2682
Erlang,2013-03-01,7243
OCaml,2013-03-01,3477
CLIPS,2013-03-01,82
C,2013-03-01,161304
Bro,2013-03-01,20
TXL,2013-03-01,1
C++,2013-03-01,166615
Ruby,2013-03-01,304204
Python,2013-03-01,269934
,2013-03-01,370504
JavaScript,2013-03-01,614837
Java,2013-03-01,383778
VimL,2013-03-01,35189
Augeas,2013-03-01,26
Perl,2013-03-01,35025
Scala,2013-03-01,18849
PHP,2013-03-01,267789
C#,2013-03-01,65413
Objective-C,2013-03-01,77519
Matlab,2013-03-01,10688
Lasso,2013-03-01,1005
Pure Data,2013-03-01,190
SuperCollider,2013-03-01,228
Kotlin,2013-03-01,153
Factor,2013-03-01,722
Elixir,2013-03-01,514
Verilog,2013-03-01,1651
Rebol,2013-03-01,72
Coq,2013-03-01,412
Tcl,2013-03-01,714
Scilab,2013-03-01,134
Io,2013-03-01,105
ColdFusion,2013-03-01,1355
Eiffel,2013-03-01,459
Apex,2013-03-01,361
Parrot,2013-03-01,118
Gosu,2013-03-01,162
AppleScript,2013-03-01,207
Dylan,2013-03-01,154
Logtalk,2013-03-01,147
AutoHotkey,2013-03-01,379
eC,2013-03-01,17
Ceylon,2013-03-01,74
LiveScript,2013-03-01,275
Nimrod,2013-03-01,82
Standard ML,2013-03-01,531
Ioke,2013-03-01,17
Awk,2013-03-01,113
OpenEdge ABL,2013-03-01,358
Xtend,2013-03-01,114
FORTRAN,2013-03-01,1581
Lua,2013-03-01,13713
Common Lisp,2013-03-01,2817
Visual Basic,2013-03-01,2399
Scheme,2013-03-01,2892
DCPU-16-01 ASM,2013-03-01,116
HaXe,2013-03-01,819
Racket,2013-03-01,2145
Arduino,2013-03-01,2952
R,2013-03-01,9234
Objective-J,2013-03-01,336
Haxe,2013-03-01,1217
Prolog,2013-03-01,1598
PowerShell,2013-03-01,1875
F#,2013-03-01,1490
Ada,2013-03-01,334
TypeScript,2013-03-01,2315
D,2013-03-01,3046
ASP,2013-03-01,2305
VHDL,2013-03-01,1163
Delphi,2013-03-01,2472
Rust,2013-03-01,2255
ooc,2013-03-01,391
XML,2013-03-01,3193
Nemerle,2013-03-01,231
Boo,2013-03-01,62
XQuery,2013-03-01,221
Smalltalk,2013-03-01,692
DOT,2013-03-01,603
Processing,2013-03-01,984
Ecl,2013-03-01,6
Monkey,2013-03-01,58
PogoScript,2013-03-01,9
Arc,2013-03-01,7
Mirah,2013-03-01,6
Max,2013-03-01,8
Fantom,2013-03-01,30
Ragel in Ruby Host,2013-03-01,2
Turing,2013-03-01,15
Nu,2013-03-01,10
Fancy,2013-03-01,12
Pike,2013-03-01,8
Self,2013-03-01,2
Forth,2013-03-01,9
Scilab,2013-02-01,135
Gosu,2013-02-01,74
Elixir,2013-02-01,398
Bro,2013-02-01,67
Verilog,2013-02-01,731
FORTRAN,2013-02-01,1257
Julia,2013-02-01,1230
Arc,2013-02-01,24
AppleScript,2013-02-01,107
Self,2013-02-01,55
Puppet,2013-02-01,4966
ooc,2013-02-01,179
Dylan,2013-02-01,60
Boo,2013-02-01,52
Ioke,2013-02-01,11
Ecl,2013-02-01,47
HaXe,2013-02-01,1026
AutoHotkey,2013-02-01,208
eC,2013-02-01,28
VHDL,2013-02-01,687
Smalltalk,2013-02-01,462
Scheme,2013-02-01,1555
XQuery,2013-02-01,164
Turing,2013-02-01,15
Ceylon,2013-02-01,114
Max,2013-02-01,7
DCPU-16-01 ASM,2013-02-01,125
Pure Data,2013-02-01,120
SuperCollider,2013-02-01,103
Mirah,2013-02-01,4
Nemerle,2013-02-01,51
ColdFusion,2013-02-01,1188
OpenEdge ABL,2013-02-01,267
Tcl,2013-02-01,547
Rebol,2013-02-01,58
Augeas,2013-02-01,9
Eiffel,2013-02-01,186
F#,2013-02-01,780
Ada,2013-02-01,343
Logtalk,2013-02-01,101
Io,2013-02-01,108
Opa,2013-02-01,2
Apex,2013-02-01,246
Factor,2013-02-01,146
Parrot,2013-02-01,193
Scala,2013-02-01,16483
Haskell,2013-02-01,10713
ActionScript,2013-02-01,4700
Coq,2013-02-01,423
OCaml,2013-02-01,2890
Erlang,2013-02-01,5287
Ruby,2013-02-01,222689
C#,2013-02-01,42446
ASP,2013-02-01,1284
Standard ML,2013-02-01,363
Perl,2013-02-01,28430
Shell,2013-02-01,73523
C,2013-02-01,128003
C++,2013-02-01,129150
Java,2013-02-01,270047
,2013-02-01,577562
Objective-C,2013-02-01,44098
PHP,2013-02-01,202886
Clojure,2013-02-01,6665
Racket,2013-02-01,1732
Delphi,2013-02-01,1798
Fantom,2013-02-01,8
Go,2013-02-01,7803
Prolog,2013-02-01,1114
PowerShell,2013-02-01,988
Groovy,2013-02-01,6346
Dart,2013-02-01,2170
Kotlin,2013-02-01,144
Lua,2013-02-01,9489
CoffeeScript,2013-02-01,14962
Visual Basic,2013-02-01,1697
D,2013-02-01,2780
Arduino,2013-02-01,1839
VimL,2013-02-01,28012
Emacs Lisp,2013-02-01,12722
Rust,2013-02-01,1921
Assembly,2013-02-01,1766
Nimrod,2013-02-01,2
JavaScript,2013-02-01,457919
Common Lisp,2013-02-01,2261
Fancy,2013-02-01,16
Vala,2013-02-01,404
R,2013-02-01,6440
Python,2013-02-01,203700
Objective-J,2013-02-01,405
Matlab,2013-02-01,5774
Smalltalk,2013-01-01,615
Groovy,2013-01-01,6491
Matlab,2013-01-01,6348
Erlang,2013-01-01,6395
Emacs Lisp,2013-01-01,14142
Delphi,2013-01-01,1947
CoffeeScript,2013-01-01,14807
Go,2013-01-01,9467
Scala,2013-01-01,17833
Shell,2013-01-01,74960
PHP,2013-01-01,218008
C#,2013-01-01,46167
VimL,2013-01-01,28064
C,2013-01-01,133043
,2013-01-01,502268
Perl,2013-01-01,27646
Java,2013-01-01,284459
Ruby,2013-01-01,235272
JavaScript,2013-01-01,465737
Puppet,2013-01-01,4638
ActionScript,2013-01-01,5407
Python,2013-01-01,203585
C++,2013-01-01,132682
Lua,2013-01-01,11928
Objective-C,2013-01-01,47624
Clojure,2013-01-01,7870
AppleScript,2013-01-01,260
Tcl,2013-01-01,613
Bro,2013-01-01,8
Ecl,2013-01-01,6
Kotlin,2013-01-01,166
F#,2013-01-01,746
Assembly,2013-01-01,1497
DCPU-16-01 ASM,2013-01-01,144
Dylan,2013-01-01,51
Max/MSP,2013-01-01,1
Rebol,2013-01-01,57
Mirah,2013-01-01,22
Ioke,2013-01-01,15
eC,2013-01-01,6
Fancy,2013-01-01,12
Opa,2013-01-01,19
Self,2013-01-01,49
Arc,2013-01-01,4
Haskell,2013-01-01,11454
OCaml,2013-01-01,3309
Prolog,2013-01-01,1110
Common Lisp,2013-01-01,2169
Scheme,2013-01-01,1384
R,2013-01-01,6532
Nemerle,2013-01-01,100
ASP,2013-01-01,1376
Julia,2013-01-01,1428
XQuery,2013-01-01,191
Elixir,2013-01-01,532
VHDL,2013-01-01,577
Factor,2013-01-01,147
Verilog,2013-01-01,583
ooc,2013-01-01,113
Nu,2013-01-01,3
Logtalk,2013-01-01,72
Parrot,2013-01-01,135
AutoHotkey,2013-01-01,215
Ada,2013-01-01,296
Augeas,2013-01-01,62
Ceylon,2013-01-01,26
Dart,2013-01-01,1981
PowerShell,2013-01-01,1050
Vala,2013-01-01,408
Pure Data,2013-01-01,87
Gosu,2013-01-01,59
SuperCollider,2013-01-01,50
Racket,2013-01-01,1914
Boo,2013-01-01,74
Coq,2013-01-01,244
Turing,2013-01-01,50
Apex,2013-01-01,184
ColdFusion,2013-01-01,976
OpenEdge ABL,2013-01-01,395
Io,2013-01-01,55
Standard ML,2013-01-01,337
Rust,2013-01-01,1363
HaXe,2013-01-01,1176
Arduino,2013-01-01,2106
D,2013-01-01,2832
FORTRAN,2013-01-01,1586
Visual Basic,2013-01-01,1353
Max,2013-01-01,70
Nimrod,2013-01-01,6
Eiffel,2013-01-01,144
Scilab,2013-01-01,235
Objective-J,2013-01-01,492
PHP,2012-12-01,197043
Vala,2012-12-01,353
Python,2012-12-01,193730
,2012-12-01,233663
JavaScript,2012-12-01,415038
Java,2012-12-01,270868
Haskell,2012-12-01,11930
C++,2012-12-01,125093
Ruby,2012-12-01,222227
Nu,2012-12-01,10
Objective-C,2012-12-01,39156
Fantom,2012-12-01,2
Shell,2012-12-01,67530
C#,2012-12-01,48435
Standard ML,2012-12-01,528
Matlab,2012-12-01,3899
C,2012-12-01,122113
Perl,2012-12-01,25245
Lua,2012-12-01,11756
D,2012-12-01,2358
Scala,2012-12-01,16006
Elixir,2012-12-01,388
Nimrod,2012-12-01,37
ooc,2012-12-01,303
Erlang,2012-12-01,5241
F#,2012-12-01,1305
ASP,2012-12-01,1428
Prolog,2012-12-01,908
ActionScript,2012-12-01,5775
Clojure,2012-12-01,7519
VHDL,2012-12-01,616
R,2012-12-01,6244
ColdFusion,2012-12-01,1227
Visual Basic,2012-12-01,1482
FORTRAN,2012-12-01,1299
Groovy,2012-12-01,5413
Scheme,2012-12-01,1833
Dart,2012-12-01,1288
Racket,2012-12-01,1736
Objective-J,2012-12-01,238
DCPU-16-01 ASM,2012-12-01,161
Pure Data,2012-12-01,111
Tcl,2012-12-01,498
Self,2012-12-01,11
CoffeeScript,2012-12-01,13787
Arduino,2012-12-01,2132
Kotlin,2012-12-01,114
Julia,2012-12-01,1656
Verilog,2012-12-01,622
OCaml,2012-12-01,4164
VimL,2012-12-01,25469
Go,2012-12-01,9799
Assembly,2012-12-01,1573
Emacs Lisp,2012-12-01,11720
Eiffel,2012-12-01,297
Rust,2012-12-01,1220
Puppet,2012-12-01,4479
eC,2012-12-01,1
Parrot,2012-12-01,99
Dylan,2012-12-01,101
Coq,2012-12-01,332
AutoHotkey,2012-12-01,226
Ioke,2012-12-01,14
Common Lisp,2012-12-01,2417
Delphi,2012-12-01,1882
Turing,2012-12-01,25
Max,2012-12-01,52
Arc,2012-12-01,34
OpenEdge ABL,2012-12-01,367
Logtalk,2012-12-01,133
HaXe,2012-12-01,874
Smalltalk,2012-12-01,402
PowerShell,2012-12-01,1031
Ceylon,2012-12-01,22
Nemerle,2012-12-01,50
Io,2012-12-01,63
Factor,2012-12-01,76
AppleScript,2012-12-01,257
XQuery,2012-12-01,149
Mirah,2012-12-01,17
Fancy,2012-12-01,23
Bro,2012-12-01,3
Opa,2012-12-01,12
Ecl,2012-12-01,19
Ada,2012-12-01,243
Apex,2012-12-01,195
Scilab,2012-12-01,116
Gosu,2012-12-01,79
Augeas,2012-12-01,59
Rebol,2012-12-01,30
Boo,2012-12-01,69
SuperCollider,2012-12-01,63
Racket,2012-11-01,2335
Visual Basic,2012-11-01,1832
CoffeeScript,2012-11-01,13079
Prolog,2012-11-01,835
ActionScript,2012-11-01,5812
Lua,2012-11-01,10828
Erlang,2012-11-01,6674
Rust,2012-11-01,1133
Puppet,2012-11-01,5653
Rebol,2012-11-01,57
OCaml,2012-11-01,2907
PowerShell,2012-11-01,1028
F#,2012-11-01,1075
Scheme,2012-11-01,1343
Arc,2012-11-01,63
OpenEdge ABL,2012-11-01,477
FORTRAN,2012-11-01,1490
XQuery,2012-11-01,177
Nemerle,2012-11-01,49
Max,2012-11-01,19
Clojure,2012-11-01,7615
Ruby,2012-11-01,233071
PHP,2012-11-01,209353
,2012-11-01,239886
C++,2012-11-01,124315
Python,2012-11-01,206203
C,2012-11-01,127191
Common Lisp,2012-11-01,2753
R,2012-11-01,5991
VimL,2012-11-01,28933
Shell,2012-11-01,63306
Emacs Lisp,2012-11-01,11704
Matlab,2012-11-01,3144
Groovy,2012-11-01,6381
Objective-J,2012-11-01,184
Assembly,2012-11-01,1908
Haskell,2012-11-01,12262
Io,2012-11-01,44
Scala,2012-11-01,15549
Perl,2012-11-01,28803
Arduino,2012-11-01,1949
D,2012-11-01,2828
C#,2012-11-01,49204
Go,2012-11-01,9245
Objective-C,2012-11-01,42697
Fancy,2012-11-01,5
Opa,2012-11-01,33
Ceylon,2012-11-01,23
Parrot,2012-11-01,127
Factor,2012-11-01,61
Boo,2012-11-01,150
AutoHotkey,2012-11-01,324
Self,2012-11-01,6
Ioke,2012-11-01,18
Coq,2012-11-01,307
DCPU-16-01 ASM,2012-11-01,125
Pure Data,2012-11-01,117
HaXe,2012-11-01,1259
eC,2012-11-01,2
AppleScript,2012-11-01,106
Nu,2012-11-01,77
Kotlin,2012-11-01,129
Logtalk,2012-11-01,106
Standard ML,2012-11-01,299
Vala,2012-11-01,421
Eiffel,2012-11-01,274
Augeas,2012-11-01,45
JavaScript,2012-11-01,426480
Java,2012-11-01,287500
Fantom,2012-11-01,1
Bro,2012-11-01,22
Delphi,2012-11-01,1646
ASP,2012-11-01,1830
Tcl,2012-11-01,387
Apex,2012-11-01,475
Julia,2012-11-01,852
ColdFusion,2012-11-01,1471
Dart,2012-11-01,2217
Verilog,2012-11-01,938
Dylan,2012-11-01,100
Elixir,2012-11-01,337
Gosu,2012-11-01,27
Ecl,2012-11-01,15
ooc,2012-11-01,113
Turing,2012-11-01,2
VHDL,2012-11-01,845
Mirah,2012-11-01,6
Nimrod,2012-11-01,22
Smalltalk,2012-11-01,466
SuperCollider,2012-11-01,179
Scilab,2012-11-01,83
Ada,2012-11-01,118
Coq,2012-10-01,396
Tcl,2012-10-01,335
Ceylon,2012-10-01,23
SuperCollider,2012-10-01,138
Fancy,2012-10-01,33
Bro,2012-10-01,29
Turing,2012-10-01,9
Boo,2012-10-01,79
XQuery,2012-10-01,95
Mirah,2012-10-01,2
Objective-C,2012-10-01,38970
Arc,2012-10-01,17
Python,2012-10-01,201615
Shell,2012-10-01,62534
C++,2012-10-01,114963
Scala,2012-10-01,14614
PHP,2012-10-01,199536
Erlang,2012-10-01,6584
Java,2012-10-01,262720
,2012-10-01,230494
Ruby,2012-10-01,229309
Ioke,2012-10-01,26
Emacs Lisp,2012-10-01,12071
C,2012-10-01,124718
JavaScript,2012-10-01,426622
Dart,2012-10-01,2162
Lua,2012-10-01,9559
Groovy,2012-10-01,5757
Haskell,2012-10-01,10576
R,2012-10-01,5997
VimL,2012-10-01,28697
Clojure,2012-10-01,8193
Prolog,2012-10-01,834
Kotlin,2012-10-01,135
Apex,2012-10-01,258
Parrot,2012-10-01,171
Eiffel,2012-10-01,196
Nu,2012-10-01,44
Pure Data,2012-10-01,124
DCPU-16-01 ASM,2012-10-01,94
Gosu,2012-10-01,54
Rebol,2012-10-01,22
Nimrod,2012-10-01,32
Ada,2012-10-01,174
Elixir,2012-10-01,550
Io,2012-10-01,32
AppleScript,2012-10-01,114
Dylan,2012-10-01,42
Opa,2012-10-01,124
Fantom,2012-10-01,9
Scilab,2012-10-01,80
Ecl,2012-10-01,43
ooc,2012-10-01,6
Max,2012-10-01,23
OpenEdge ABL,2012-10-01,371
F#,2012-10-01,1155
Delphi,2012-10-01,1827
Matlab,2012-10-01,2573
Standard ML,2012-10-01,262
Verilog,2012-10-01,889
AutoHotkey,2012-10-01,337
Factor,2012-10-01,310
Common Lisp,2012-10-01,2883
Arduino,2012-10-01,1817
C#,2012-10-01,45128
Rust,2012-10-01,1210
ColdFusion,2012-10-01,1015
Assembly,2012-10-01,1789
Smalltalk,2012-10-01,370
Logtalk,2012-10-01,93
Objective-J,2012-10-01,110
Augeas,2012-10-01,29
FORTRAN,2012-10-01,1509
Scheme,2012-10-01,1621
Perl,2012-10-01,27984
Puppet,2012-10-01,5843
CoffeeScript,2012-10-01,12827
ASP,2012-10-01,1371
Racket,2012-10-01,1713
OCaml,2012-10-01,3083
Go,2012-10-01,9443
D,2012-10-01,3723
Vala,2012-10-01,389
Julia,2012-10-01,689
PowerShell,2012-10-01,1166
ActionScript,2012-10-01,5040
Visual Basic,2012-10-01,1773
Nemerle,2012-10-01,94
VHDL,2012-10-01,594
HaXe,2012-10-01,1549
Nu,2012-09-01,86
Kotlin,2012-09-01,144
Turing,2012-09-01,8
Fancy,2012-09-01,71
Ioke,2012-09-01,46
Parrot,2012-09-01,222
Bro,2012-09-01,22
Opa,2012-09-01,24
Max/MSP,2012-09-01,1
Ecl,2012-09-01,7
Boo,2012-09-01,19
Arc,2012-09-01,25
Ceylon,2012-09-01,18
Fantom,2012-09-01,28
Mirah,2012-09-01,6
Gosu,2012-09-01,36
D,2012-09-01,2944
HaXe,2012-09-01,1234
Eiffel,2012-09-01,140
Ada,2012-09-01,151
Apex,2012-09-01,379
VHDL,2012-09-01,712
Factor,2012-09-01,909
F#,2012-09-01,999
Rust,2012-09-01,1653
DCPU-16-01 ASM,2012-09-01,68
AutoHotkey,2012-09-01,292
Delphi,2012-09-01,2130
Go,2012-09-01,11367
FORTRAN,2012-09-01,1463
Scala,2012-09-01,17955
Scheme,2012-09-01,1663
ColdFusion,2012-09-01,1439
Haskell,2012-09-01,12803
C#,2012-09-01,52332
Perl,2012-09-01,41127
Puppet,2012-09-01,5601
CoffeeScript,2012-09-01,15675
ActionScript,2012-09-01,6769
Shell,2012-09-01,69691
Standard ML,2012-09-01,272
Arduino,2012-09-01,2701
Dart,2012-09-01,1768
Elixir,2012-09-01,713
Clojure,2012-09-01,9260
Lua,2012-09-01,16257
Verilog,2012-09-01,762
OCaml,2012-09-01,3353
Erlang,2012-09-01,5824
PowerShell,2012-09-01,1075
Matlab,2012-09-01,2899
Groovy,2012-09-01,6230
XQuery,2012-09-01,220
VimL,2012-09-01,36558
Visual Basic,2012-09-01,2102
Assembly,2012-09-01,1444
Scilab,2012-09-01,213
Racket,2012-09-01,1466
SuperCollider,2012-09-01,128
Prolog,2012-09-01,1066
ASP,2012-09-01,1166
Coq,2012-09-01,447
R,2012-09-01,6845
Smalltalk,2012-09-01,620
Julia,2012-09-01,762
Augeas,2012-09-01,4
Dylan,2012-09-01,104
Tcl,2012-09-01,427
JavaScript,2012-09-01,506853
Ruby,2012-09-01,279663
,2012-09-01,274613
Python,2012-09-01,241494
Rebol,2012-09-01,127
Io,2012-09-01,49
Max,2012-09-01,14
Logtalk,2012-09-01,75
Nimrod,2012-09-01,39
Pure Data,2012-09-01,120
OpenEdge ABL,2012-09-01,512
C,2012-09-01,145901
C++,2012-09-01,134341
PHP,2012-09-01,238902
Common Lisp,2012-09-01,2799
Vala,2012-09-01,659
Objective-C,2012-09-01,43262
Java,2012-09-01,276111
Emacs Lisp,2012-09-01,16563
AppleScript,2012-09-01,121
Objective-J,2012-09-01,184
Nemerle,2012-09-01,345
C#,2012-08-01,104884
Self,2012-08-01,8
Opa,2012-08-01,164
HaXe,2012-08-01,4364
ooc,2012-08-01,448
,2012-08-01,500002
Ruby,2012-08-01,556422
Java,2012-08-01,552054
AutoHotkey,2012-08-01,1032
C,2012-08-01,278202
C++,2012-08-01,283850
Perl,2012-08-01,386152
Shell,2012-08-01,139400
Python,2012-08-01,493082
PHP,2012-08-01,478528
JavaScript,2012-08-01,979266
Factor,2012-08-01,1492
Ceylon,2012-08-01,60
Common Lisp,2012-08-01,5472
Max/MSP,2012-08-01,4
Fantom,2012-08-01,26
Eiffel,2012-08-01,318
eC,2012-08-01,2
Emacs Lisp,2012-08-01,32004
Mirah,2012-08-01,8
Ioke,2012-08-01,76
Rebol,2012-08-01,46
Augeas,2012-08-01,62
Pure Data,2012-08-01,152
Io,2012-08-01,128
VimL,2012-08-01,76294
Objective-C,2012-08-01,98586
Clojure,2012-08-01,22328
Nimrod,2012-08-01,140
Turing,2012-08-01,50
Parrot,2012-08-01,536
Nu,2012-08-01,14
Vala,2012-08-01,1218
FORTRAN,2012-08-01,3260
Fancy,2012-08-01,84
Arc,2012-08-01,60
Gosu,2012-08-01,284
Scheme,2012-08-01,3348
Smalltalk,2012-08-01,580
Delphi,2012-08-01,3652
Nemerle,2012-08-01,968
Arduino,2012-08-01,3726
F#,2012-08-01,2290
D,2012-08-01,5770
ActionScript,2012-08-01,15896
PowerShell,2012-08-01,1916
Kotlin,2012-08-01,264
Matlab,2012-08-01,4426
Verilog,2012-08-01,962
Apex,2012-08-01,1160
Groovy,2012-08-01,11414
R,2012-08-01,13464
OCaml,2012-08-01,6586
Go,2012-08-01,20690
CoffeeScript,2012-08-01,34146
Puppet,2012-08-01,11990
ColdFusion,2012-08-01,2944
Haskell,2012-08-01,26224
Dart,2012-08-01,2580
Scala,2012-08-01,38214
Rust,2012-08-01,3882
OpenEdge ABL,2012-08-01,576
DCPU-16-01 ASM,2012-08-01,80
Boo,2012-08-01,94
Standard ML,2012-08-01,604
AppleScript,2012-08-01,238
Dylan,2012-08-01,278
Lua,2012-08-01,27228
SuperCollider,2012-08-01,284
Julia,2012-08-01,1806
Logtalk,2012-08-01,74
Tcl,2012-08-01,618
XQuery,2012-08-01,316
Max,2012-08-01,46
Objective-J,2012-08-01,642
Erlang,2012-08-01,11580
Visual Basic,2012-08-01,3382
Elixir,2012-08-01,784
Assembly,2012-08-01,2980
ASP,2012-08-01,2358
Scilab,2012-08-01,448
Racket,2012-08-01,5004
Ada,2012-08-01,190
Prolog,2012-08-01,1782
VHDL,2012-08-01,1454
Bro,2012-08-01,152
Coq,2012-08-01,576
Dart,2012-07-01,930
Racket,2012-07-01,1748
R,2012-07-01,8504
Verilog,2012-07-01,690
Nemerle,2012-07-01,294
Go,2012-07-01,11688
Arduino,2012-07-01,2976
DCPU-16-01 ASM,2012-07-01,406
Vala,2012-07-01,906
OpenEdge ABL,2012-07-01,284
Perl,2012-07-01,44446
Rust,2012-07-01,2346
Assembly,2012-07-01,1884
Dylan,2012-07-01,42
SuperCollider,2012-07-01,396
FORTRAN,2012-07-01,2058
XQuery,2012-07-01,198
D,2012-07-01,5486
ColdFusion,2012-07-01,2330
Coq,2012-07-01,580
Scheme,2012-07-01,2372
Prolog,2012-07-01,1116
Julia,2012-07-01,1080
Visual Basic,2012-07-01,2188
ASP,2012-07-01,2452
Objective-J,2012-07-01,722
Delphi,2012-07-01,2474
Scilab,2012-07-01,462
PowerShell,2012-07-01,1084
C++,2012-07-01,197018
JavaScript,2012-07-01,600402
Java,2012-07-01,373752
PHP,2012-07-01,315266
C#,2012-07-01,69510
,2012-07-01,452806
C,2012-07-01,192254
Python,2012-07-01,329270
Ruby,2012-07-01,389892
Objective-C,2012-07-01,63698
Ceylon,2012-07-01,22
Logtalk,2012-07-01,4
ooc,2012-07-01,8
Mirah,2012-07-01,2
Rebol,2012-07-01,8
Max/MSP,2012-07-01,2
eC,2012-07-01,4
Fantom,2012-07-01,8
ActionScript,2012-07-01,8292
HaXe,2012-07-01,2734
Matlab,2012-07-01,5172
Clojure,2012-07-01,13816
Smalltalk,2012-07-01,894
Shell,2012-07-01,102754
OCaml,2012-07-01,3998
Haskell,2012-07-01,18236
Common Lisp,2012-07-01,3324
Lua,2012-07-01,15454
CoffeeScript,2012-07-01,23692
Emacs Lisp,2012-07-01,20866
Groovy,2012-07-01,8636
Scala,2012-07-01,24814
VimL,2012-07-01,54528
Erlang,2012-07-01,9942
Puppet,2012-07-01,8050
Apex,2012-07-01,438
Eiffel,2012-07-01,220
Boo,2012-07-01,48
Bro,2012-07-01,18
Factor,2012-07-01,1202
Tcl,2012-07-01,566
Nimrod,2012-07-01,230
Turing,2012-07-01,88
Io,2012-07-01,104
Parrot,2012-07-01,352
Opa,2012-07-01,164
Standard ML,2012-07-01,786
VHDL,2012-07-01,624
Ada,2012-07-01,224
AutoHotkey,2012-07-01,510
Fancy,2012-07-01,18
Pure Data,2012-07-01,188
Kotlin,2012-07-01,402
Self,2012-07-01,76
Ioke,2012-07-01,52
Elixir,2012-07-01,466
Gosu,2012-07-01,104
Arc,2012-07-01,124
Augeas,2012-07-01,98
Nu,2012-07-01,10
F#,2012-07-01,1272
Apex,2012-06-01,302
Boo,2012-06-01,49
Pure Data,2012-06-01,225
Mirah,2012-06-01,618
Assembly,2012-06-01,3258
Max/MSP,2012-06-01,125
Objective-J,2012-06-01,851
Dylan,2012-06-01,63
Vala,2012-06-01,902
Visual Basic,2012-06-01,1701
Arduino,2012-06-01,2849
HaXe,2012-06-01,3436
Ada,2012-06-01,652
Tcl,2012-06-01,984
Eiffel,2012-06-01,583
Self,2012-06-01,111
Parrot,2012-06-01,370
Nu,2012-06-01,2
Prolog,2012-06-01,1708
Standard ML,2012-06-01,548
Arc,2012-06-01,80
Coq,2012-06-01,1001
Kotlin,2012-06-01,352
Scheme,2012-06-01,2149
Elixir,2012-06-01,604
ooc,2012-06-01,197
FORTRAN,2012-06-01,2441
Factor,2012-06-01,350
Fancy,2012-06-01,87
Nimrod,2012-06-01,150
Augeas,2012-06-01,19
Turing,2012-06-01,39
Rust,2012-06-01,2760
Opa,2012-06-01,80
Rebol,2012-06-01,91
Verilog,2012-06-01,984
ColdFusion,2012-06-01,2683
R,2012-06-01,9013
Io,2012-06-01,131
Gosu,2012-06-01,55
Matlab,2012-06-01,9523
Ioke,2012-06-01,55
VHDL,2012-06-01,2124
ActionScript,2012-06-01,9809
Haskell,2012-06-01,20318
C#,2012-06-01,82082
Lua,2012-06-01,12948
CoffeeScript,2012-06-01,27484
Emacs Lisp,2012-06-01,22994
VimL,2012-06-01,55009
OCaml,2012-06-01,3858
Objective-C,2012-06-01,61712
Delphi,2012-06-01,3299
Smalltalk,2012-06-01,1640
Clojure,2012-06-01,15840
Erlang,2012-06-01,12404
OpenEdge ABL,2012-06-01,375
Go,2012-06-01,10544
PowerShell,2012-06-01,1491
Puppet,2012-06-01,7679
D,2012-06-01,5971
Groovy,2012-06-01,11016
Dart,2012-06-01,1134
AutoHotkey,2012-06-01,536
Racket,2012-06-01,2226
F#,2012-06-01,1437
Common Lisp,2012-06-01,4196
Perl,2012-06-01,53947
,2012-06-01,469121
Scala,2012-06-01,30511
Scilab,2012-06-01,703
Bro,2012-06-01,24
XQuery,2012-06-01,250
Nemerle,2012-06-01,193
SuperCollider,2012-06-01,341
JavaScript,2012-06-01,682461
ASP,2012-06-01,1885
DCPU-16-01 ASM,2012-06-01,288
Julia,2012-06-01,1259
C++,2012-06-01,230705
Ruby,2012-06-01,454809
Shell,2012-06-01,107021
C,2012-06-01,230395
PHP,2012-06-01,358004
Python,2012-06-01,367720
Java,2012-06-01,454972
Objective-C,2012-05-01,79458
Tcl,2012-05-01,3048
C,2012-05-01,301869
VimL,2012-05-01,69897
ActionScript,2012-05-01,13887
Perl,2012-05-01,71211
Shell,2012-05-01,142491
C#,2012-05-01,108561
Erlang,2012-05-01,16692
D,2012-05-01,7851
Groovy,2012-05-01,15687
Emacs Lisp,2012-05-01,26469
Opa,2012-05-01,156
Objective-J,2012-05-01,633
ooc,2012-05-01,297
Apex,2012-05-01,825
Rust,2012-05-01,2535
Standard ML,2012-05-01,960
Vala,2012-05-01,1188
JavaScript,2012-05-01,860172
Nimrod,2012-05-01,201
Kotlin,2012-05-01,396
SuperCollider,2012-05-01,549
Java,2012-05-01,629568
Scala,2012-05-01,40623
Python,2012-05-01,465198
Mirah,2012-05-01,123
Gosu,2012-05-01,90
Ruby,2012-05-01,581802
Clojure,2012-05-01,20799
PHP,2012-05-01,448104
CoffeeScript,2012-05-01,33072
ASP,2012-05-01,2499
Logtalk,2012-05-01,54
FORTRAN,2012-05-01,2868
,2012-05-01,472854
Bro,2012-05-01,75
Haskell,2012-05-01,26769
C++,2012-05-01,287514
Elixir,2012-05-01,873
Verilog,2012-05-01,1380
Dylan,2012-05-01,216
Scilab,2012-05-01,654
Racket,2012-05-01,3219
VHDL,2012-05-01,2508
Fancy,2012-05-01,123
OpenEdge ABL,2012-05-01,792
AutoHotkey,2012-05-01,744
F#,2012-05-01,1587
Julia,2012-05-01,2595
Coq,2012-05-01,801
XQuery,2012-05-01,327
Eiffel,2012-05-01,588
Ada,2012-05-01,825
Io,2012-05-01,528
Parrot,2012-05-01,636
Arduino,2012-05-01,3264
PowerShell,2012-05-01,2049
Visual Basic,2012-05-01,2442
Turing,2012-05-01,69
ColdFusion,2012-05-01,2961
OCaml,2012-05-01,7164
Lua,2012-05-01,16065
Go,2012-05-01,13494
DCPU-16-01 ASM,2012-05-01,771
Smalltalk,2012-05-01,1635
Prolog,2012-05-01,2496
Boo,2012-05-01,138
Matlab,2012-05-01,16182
Puppet,2012-05-01,10368
R,2012-05-01,11166
Scheme,2012-05-01,3957
Common Lisp,2012-05-01,5079
Dart,2012-05-01,2169
HaXe,2012-05-01,2610
Assembly,2012-05-01,4410
Factor,2012-05-01,504
Delphi,2012-05-01,3681
Pure Data,2012-05-01,531
Ioke,2012-05-01,33
Arc,2012-05-01,60
Augeas,2012-05-01,36
Max/MSP,2012-05-01,99
Rebol,2012-05-01,12
Self,2012-05-01,24
Fantom,2012-05-01,9
Nemerle,2012-05-01,447
Scheme,2012-04-01,4098
Augeas,2012-04-01,24
Eiffel,2012-04-01,591
Tcl,2012-04-01,1500
ActionScript,2012-04-01,15405
Prolog,2012-04-01,2463
Clojure,2012-04-01,21477
Racket,2012-04-01,2823
Objective-J,2012-04-01,1104
Assembly,2012-04-01,5256
AutoHotkey,2012-04-01,594
OCaml,2012-04-01,6711
ASP,2012-04-01,1407
Common Lisp,2012-04-01,5211
FORTRAN,2012-04-01,2832
Boo,2012-04-01,63
VHDL,2012-04-01,2358
Go,2012-04-01,15222
Delphi,2012-04-01,4212
Standard ML,2012-04-01,1053
Lua,2012-04-01,19938
Visual Basic,2012-04-01,2349
Elixir,2012-04-01,906
Vala,2012-04-01,939
Mirah,2012-04-01,24
Max/MSP,2012-04-01,153
Ada,2012-04-01,720
Ioke,2012-04-01,36
HaXe,2012-04-01,2919
Smalltalk,2012-04-01,1125
XQuery,2012-04-01,339
Arduino,2012-04-01,3330
Opa,2012-04-01,75
Factor,2012-04-01,372
Io,2012-04-01,237
Fantom,2012-04-01,9
PowerShell,2012-04-01,1380
Verilog,2012-04-01,2526
Dylan,2012-04-01,219
Apex,2012-04-01,480
OpenEdge ABL,2012-04-01,417
ColdFusion,2012-04-01,2025
SuperCollider,2012-04-01,612
Coq,2012-04-01,630
Rebol,2012-04-01,15
Scilab,2012-04-01,642
F#,2012-04-01,1278
Rust,2012-04-01,2781
Logtalk,2012-04-01,51
JavaScript,2012-04-01,800214
Haskell,2012-04-01,28167
Perl,2012-04-01,63795
Puppet,2012-04-01,8571
ooc,2012-04-01,294
Julia,2012-04-01,354
C++,2012-04-01,286764
Fancy,2012-04-01,195
Java,2012-04-01,600639
Python,2012-04-01,454107
D,2012-04-01,6489
Bro,2012-04-01,9
Objective-C,2012-04-01,77181
Matlab,2012-04-01,13014
,2012-04-01,494442
Dart,2012-04-01,1998
DCPU-16-01 ASM,2012-04-01,1422
Ruby,2012-04-01,563403
PHP,2012-04-01,429654
Nemerle,2012-04-01,165
Gosu,2012-04-01,105
Shell,2012-04-01,130926
C,2012-04-01,284250
Self,2012-04-01,12
VimL,2012-04-01,72672
CoffeeScript,2012-04-01,30243
Turing,2012-04-01,156
Kotlin,2012-04-01,264
Scala,2012-04-01,36030
Nimrod,2012-04-01,123
Arc,2012-04-01,102
Erlang,2012-04-01,13953
Groovy,2012-04-01,13053
Pure Data,2012-04-01,348
Parrot,2012-04-01,375
R,2012-04-01,11907
DCPU-16-01 Assembly,2012-04-01,6
C#,2012-04-01,105675
Emacs Lisp,2012-04-01,29148
PowerShell,2012-03-01,153
Bro,2012-03-01,30
ActionScript,2012-03-01,10548
C#,2012-03-01,70956
Objective-C,2012-03-01,57222
Gosu,2012-03-01,72
OpenEdge ABL,2012-03-01,273
Common Lisp,2012-03-01,3972
Turing,2012-03-01,105
PHP,2012-03-01,295629
Boo,2012-03-01,204
Rust,2012-03-01,2448
FORTRAN,2012-03-01,1455
Perl,2012-03-01,42774
Clojure,2012-03-01,13272
OCaml,2012-03-01,5703
Fantom,2012-03-01,18
Delphi,2012-03-01,3615
Erlang,2012-03-01,9393
Emacs Lisp,2012-03-01,19878
D,2012-03-01,4182
Smalltalk,2012-03-01,381
Ioke,2012-03-01,192
Dylan,2012-03-01,90
Arduino,2012-03-01,1932
Haskell,2012-03-01,19128
CoffeeScript,2012-03-01,17310
VimL,2012-03-01,50820
Lua,2012-03-01,13176
Prolog,2012-03-01,2052
Arc,2012-03-01,90
Ada,2012-03-01,381
C,2012-03-01,192027
XQuery,2012-03-01,252
Factor,2012-03-01,96
Io,2012-03-01,123
Pure Data,2012-03-01,357
R,2012-03-01,8295
Logtalk,2012-03-01,6
Nu,2012-03-01,3
Elixir,2012-03-01,507
VHDL,2012-03-01,1986
Vala,2012-03-01,858
Scala,2012-03-01,24360
Assembly,2012-03-01,2457
Opa,2012-03-01,108
HaXe,2012-03-01,1527
ColdFusion,2012-03-01,1830
Rebol,2012-03-01,117
Max/MSP,2012-03-01,27
SuperCollider,2012-03-01,585
C++,2012-03-01,195381
JavaScript,2012-03-01,539118
Self,2012-03-01,9
,2012-03-01,344325
Java,2012-03-01,407394
Ruby,2012-03-01,392688
Go,2012-03-01,8658
Shell,2012-03-01,90207
Powershell,2012-03-01,1425
Parrot,2012-03-01,60
Racket,2012-03-01,1545
Groovy,2012-03-01,8394
Mirah,2012-03-01,3
Scilab,2012-03-01,567
Apex,2012-03-01,75
Kotlin,2012-03-01,12
ASP,2012-03-01,816
Modelica,2012-03-01,279
Nimrod,2012-03-01,108
Coq,2012-03-01,420
AutoHotkey,2012-03-01,591
Fancy,2012-03-01,18
Verilog,2012-03-01,1782
Python,2012-03-01,316980
Visual Basic,2012-03-01,1200
Nemerle,2012-03-01,285
Eiffel,2012-03-01,738
F#,2012-03-01,1548
Matlab,2012-03-01,6981
Tcl,2012-03-01,732
Puppet,2012-03-01,6531
Standard ML,2012-03-01,1128
Objective-J,2012-03-01,1035
Scheme,2012-03-01,2532
