repository_language,date,activity
JavaScript,2014-09-01,308560
Java,2014-09-01,165397
Python,2014-09-01,146978
CSS,2014-09-01,115773
PHP,2014-09-01,111148
Ruby,2014-09-01,105411
C++,2014-09-01,71386
C,2014-09-01,62724
Shell,2014-09-01,43312
C#,2014-09-01,36928
Objective-C,2014-09-01,33083
Go,2014-09-01,21665
CoffeeScript,2014-09-01,12068
Perl,2014-09-01,11446
Scala,2014-09-01,10590
VimL,2014-09-01,9785
R,2014-09-01,9269
TeX,2014-09-01,8447
Lua,2014-09-01,5609
Clojure,2014-09-01,5515
Haskell,2014-09-01,5252
Emacs Lisp,2014-09-01,5023
Swift,2014-09-01,4895
Groovy,2014-09-01,3611
Rust,2014-09-01,3315
Puppet,2014-09-01,3146
TypeScript,2014-09-01,3078
Matlab,2014-09-01,2739
OCaml,2014-09-01,2609
Erlang,2014-09-01,2537
PowerShell,2014-09-01,2069
Dart,2014-09-01,2036
XSLT,2014-09-01,1812
Arduino,2014-09-01,1717
Julia,2014-09-01,1641
ActionScript,2014-09-01,1474
Common Lisp,2014-09-01,1382
D,2014-09-01,1238
F#,2014-09-01,1186
Assembly,2014-09-01,1127
Pascal,2014-09-01,1083
Visual Basic,2014-09-01,978
Nix,2014-09-01,949
Scheme,2014-09-01,938
Haxe,2014-09-01,922
FORTRAN,2014-09-01,892
DM,2014-09-01,797
Elixir,2014-09-01,796
Processing,2014-09-01,735
ASP,2014-09-01,698
SQF,2014-09-01,558
Racket,2014-09-01,516
Objective-C++,2014-09-01,430
SQL,2014-09-01,429
IDL,2014-09-01,402
LiveScript,2014-09-01,377
Vala,2014-09-01,374
Prolog,2014-09-01,374
ColdFusion,2014-09-01,369
Game Maker Language,2014-09-01,367
Apex,2014-09-01,314
BlitzBasic,2014-09-01,309
Mathematica,2014-09-01,300
Verilog,2014-09-01,274
Cuda,2014-09-01,270
Tcl,2014-09-01,267
Coq,2014-09-01,262
AGS Script,2014-09-01,229
nesC,2014-09-01,212
VHDL,2014-09-01,209
OpenSCAD,2014-09-01,186
AutoHotkey,2014-09-01,184
Smalltalk,2014-09-01,178
Objective-J,2014-09-01,156
PureScript,2014-09-01,156
SourcePawn,2014-09-01,154
Standard ML,2014-09-01,153
Xtend,2014-09-01,147
Eiffel,2014-09-01,142
Gosu,2014-09-01,141
Kotlin,2014-09-01,141
OpenEdge ABL,2014-09-01,136
xBase,2014-09-01,133
JSONiq,2014-09-01,130
Gnuplot,2014-09-01,127
Logos,2014-09-01,127
AutoIt,2014-09-01,120
Perl6,2014-09-01,117
Agda,2014-09-01,110
Max,2014-09-01,110
Pan,2014-09-01,98
LabVIEW,2014-09-01,89
Ada,2014-09-01,87
SAS,2014-09-01,86
GAP,2014-09-01,84
Pure Data,2014-09-01,83
Propeller Spin,2014-09-01,82
AppleScript,2014-09-01,80
Crystal,2014-09-01,80
PAWN,2014-09-01,77
Awk,2014-09-01,76
M,2014-09-01,72
XQuery,2014-09-01,71
DOT,2014-09-01,63
XML,2014-09-01,59
Nimrod,2014-09-01,57
RobotFramework,2014-09-01,54
Mercury,2014-09-01,54
ooc,2014-09-01,53
Stata,2014-09-01,52
CLIPS,2014-09-01,52
NetLogo,2014-09-01,49
Elm,2014-09-01,45
KRL,2014-09-01,45
MoonScript,2014-09-01,43
Augeas,2014-09-01,43
ATS,2014-09-01,41
ABAP,2014-09-01,40
ANTLR,2014-09-01,37
Scilab,2014-09-01,36
SuperCollider,2014-09-01,36
Ceylon,2014-09-01,35
Rebol,2014-09-01,35
Inform 7,2014-09-01,35
Nemerle,2014-09-01,34
Io,2014-09-01,34
Brightscript,2014-09-01,27
Alloy,2014-09-01,26
Turing,2014-09-01,26
VCL,2014-09-01,25
Lasso,2014-09-01,24
Pike,2014-09-01,24
Arc,2014-09-01,23
Monkey,2014-09-01,22
J,2014-09-01,22
Logtalk,2014-09-01,22
Mirah,2014-09-01,21
Dylan,2014-09-01,18
Squirrel,2014-09-01,18
Idris,2014-09-01,17
HaXe,2014-09-01,17
SystemVerilog,2014-09-01,17
Isabelle,2014-09-01,17
Delphi,2014-09-01,17
Hy,2014-09-01,16
AspectJ,2014-09-01,16
Slash,2014-09-01,15
BlitzMax,2014-09-01,13
LookML,2014-09-01,12
Factor,2014-09-01,12
Parrot,2014-09-01,12
FLUX,2014-09-01,12
wisp,2014-09-01,12
Forth,2014-09-01,11
PigLatin,2014-09-01,11
Grammatical Framework,2014-09-01,11
Bluespec,2014-09-01,11
Component Pascal,2014-09-01,10
Boo,2014-09-01,10
XC,2014-09-01,10
Red,2014-09-01,10
COBOL,2014-09-01,9
UnrealScript,2014-09-01,9
Bro,2014-09-01,8
REALbasic,2014-09-01,7
Frege,2014-09-01,7
Zephir,2014-09-01,6
Fantom,2014-09-01,4
PogoScript,2014-09-01,4
Glyph,2014-09-01,4
Chapel,2014-09-01,3
Clean,2014-09-01,2
Fancy,2014-09-01,2
Nu,2014-09-01,2
Xojo,2014-09-01,1
EmberScript,2014-09-01,1
XProc,2014-09-01,1
Ragel in Ruby Host,2014-09-01,1
Opa,2014-09-01,1
Grace,2014-09-01,1
Volt,2014-09-01,1
Ecl,2014-09-01,1
JavaScript,2014-08-01,1697947
Java,2014-08-01,893003
Python,2014-08-01,845891
CSS,2014-08-01,683973
PHP,2014-08-01,619100
Ruby,2014-08-01,602959
C++,2014-08-01,408866
C,2014-08-01,350804
Shell,2014-08-01,231030
C#,2014-08-01,208167
Objective-C,2014-08-01,198861
Go,2014-08-01,124717
CoffeeScript,2014-08-01,71560
R,2014-08-01,69890
Perl,2014-08-01,60150
Scala,2014-08-01,59912
VimL,2014-08-01,59885
Lua,2014-08-01,41201
TeX,2014-08-01,39305
Haskell,2014-08-01,34761
Swift,2014-08-01,32289
Emacs Lisp,2014-08-01,29931
Clojure,2014-08-01,29113
TypeScript,2014-08-01,22348
Rust,2014-08-01,21212
Groovy,2014-08-01,20778
Puppet,2014-08-01,17345
Matlab,2014-08-01,15126
Erlang,2014-08-01,13793
Dart,2014-08-01,10393
XSLT,2014-08-01,10097
Arduino,2014-08-01,9798
PowerShell,2014-08-01,9176
OCaml,2014-08-01,9052
Julia,2014-08-01,8993
ActionScript,2014-08-01,8705
Assembly,2014-08-01,8552
D,2014-08-01,7399
Elixir,2014-08-01,6921
DM,2014-08-01,6383
Scheme,2014-08-01,6044
Visual Basic,2014-08-01,5396
Common Lisp,2014-08-01,5054
Pascal,2014-08-01,5041
Haxe,2014-08-01,4801
FORTRAN,2014-08-01,4676
F#,2014-08-01,4533
Processing,2014-08-01,4454
Nix,2014-08-01,4270
ASP,2014-08-01,3945
LiveScript,2014-08-01,3896
Tcl,2014-08-01,3112
Objective-C++,2014-08-01,2549
ColdFusion,2014-08-01,2473
Vala,2014-08-01,2437
Racket,2014-08-01,2296
SQL,2014-08-01,2223
IDL,2014-08-01,2179
BlitzBasic,2014-08-01,1967
Apex,2014-08-01,1820
AutoHotkey,2014-08-01,1775
Prolog,2014-08-01,1735
Verilog,2014-08-01,1727
VHDL,2014-08-01,1611
Mathematica,2014-08-01,1588
Coq,2014-08-01,1363
Game Maker Language,2014-08-01,1304
Cuda,2014-08-01,1271
Logos,2014-08-01,1210
SourcePawn,2014-08-01,1194
Gosu,2014-08-01,1182
nesC,2014-08-01,1075
OpenEdge ABL,2014-08-01,1060
Xtend,2014-08-01,1021
PureScript,2014-08-01,976
Standard ML,2014-08-01,952
Kotlin,2014-08-01,880
Nimrod,2014-08-01,760
Smalltalk,2014-08-01,742
AppleScript,2014-08-01,732
Eiffel,2014-08-01,717
Max,2014-08-01,687
XQuery,2014-08-01,687
GAP,2014-08-01,666
AutoIt,2014-08-01,665
Perl6,2014-08-01,641
M,2014-08-01,612
SAS,2014-08-01,609
Objective-J,2014-08-01,593
xBase,2014-08-01,593
Elm,2014-08-01,540
Stata,2014-08-01,535
Mercury,2014-08-01,513
Agda,2014-08-01,501
Gnuplot,2014-08-01,495
DOT,2014-08-01,489
Pure Data,2014-08-01,484
Propeller Spin,2014-08-01,473
XML,2014-08-01,451
PAWN,2014-08-01,448
Ada,2014-08-01,435
JSONiq,2014-08-01,426
VCL,2014-08-01,403
Awk,2014-08-01,323
Inform 7,2014-08-01,311
Xojo,2014-08-01,309
Component Pascal,2014-08-01,290
Ceylon,2014-08-01,287
KRL,2014-08-01,283
Bluespec,2014-08-01,268
Io,2014-08-01,254
MoonScript,2014-08-01,248
ATS,2014-08-01,247
SQF,2014-08-01,240
Squirrel,2014-08-01,232
SystemVerilog,2014-08-01,202
Brightscript,2014-08-01,200
ooc,2014-08-01,197
NetLogo,2014-08-01,193
Idris,2014-08-01,190
Isabelle,2014-08-01,178
CLIPS,2014-08-01,175
Crystal,2014-08-01,172
ANTLR,2014-08-01,164
XC,2014-08-01,148
Nemerle,2014-08-01,148
Pike,2014-08-01,148
FLUX,2014-08-01,140
Red,2014-08-01,137
Factor,2014-08-01,134
Frege,2014-08-01,131
Lasso,2014-08-01,129
OpenSCAD,2014-08-01,124
AspectJ,2014-08-01,119
Augeas,2014-08-01,114
COBOL,2014-08-01,113
Parrot,2014-08-01,113
Hy,2014-08-01,95
Scilab,2014-08-01,95
BlitzMax,2014-08-01,93
Slash,2014-08-01,91
Rebol,2014-08-01,90
Alloy,2014-08-01,90
SuperCollider,2014-08-01,90
Pan,2014-08-01,82
HaXe,2014-08-01,72
Logtalk,2014-08-01,72
UnrealScript,2014-08-01,72
XProc,2014-08-01,63
Forth,2014-08-01,61
REALbasic,2014-08-01,58
Zephir,2014-08-01,56
GAMS,2014-08-01,52
Delphi,2014-08-01,52
Mirah,2014-08-01,51
Dylan,2014-08-01,51
Arc,2014-08-01,50
Boo,2014-08-01,49
AGS Script,2014-08-01,49
ABAP,2014-08-01,48
Monkey,2014-08-01,48
Bro,2014-08-01,42
RobotFramework,2014-08-01,36
Grammatical Framework,2014-08-01,35
Nu,2014-08-01,33
wisp,2014-08-01,32
J,2014-08-01,30
Glyph,2014-08-01,28
Volt,2014-08-01,25
Ragel in Ruby Host,2014-08-01,18
Nit,2014-08-01,16
Oxygene,2014-08-01,14
PogoScript,2014-08-01,13
Dogescript,2014-08-01,12
Turing,2014-08-01,12
Harbour,2014-08-01,11
PigLatin,2014-08-01,10
Ecl,2014-08-01,10
Zimpl,2014-08-01,5
DCPU-16 ASM,2014-08-01,4
Opa,2014-08-01,4
Fantom,2014-08-01,4
Chapel,2014-08-01,3
LabVIEW,2014-08-01,3
LookML,2014-08-01,3
Cirru,2014-08-01,3
Shen,2014-08-01,3
E,2014-08-01,2
Self,2014-08-01,2
Moocode,2014-08-01,1
Rouge,2014-08-01,1
APL,2014-08-01,1
JavaScript,2014-07-01,1682755
Java,2014-07-01,899406
Python,2014-07-01,823562
CSS,2014-07-01,701216
Ruby,2014-07-01,610121
PHP,2014-07-01,607022
C++,2014-07-01,413703
C,2014-07-01,382649
Shell,2014-07-01,226340
C#,2014-07-01,208896
Objective-C,2014-07-01,204647
Go,2014-07-01,125047
CoffeeScript,2014-07-01,72122
R,2014-07-01,70667
Scala,2014-07-01,62853
Perl,2014-07-01,61184
VimL,2014-07-01,60317
TeX,2014-07-01,43197
Lua,2014-07-01,40580
Haskell,2014-07-01,33796
Swift,2014-07-01,28789
Clojure,2014-07-01,27010
Emacs Lisp,2014-07-01,26142
Rust,2014-07-01,22737
Groovy,2014-07-01,21408
TypeScript,2014-07-01,18717
Puppet,2014-07-01,18701
Matlab,2014-07-01,16224
Assembly,2014-07-01,12971
Erlang,2014-07-01,12846
ActionScript,2014-07-01,10179
Dart,2014-07-01,9560
OCaml,2014-07-01,8968
Arduino,2014-07-01,8931
Julia,2014-07-01,8876
XSLT,2014-07-01,8836
PowerShell,2014-07-01,8011
D,2014-07-01,7207
DM,2014-07-01,6470
Visual Basic,2014-07-01,6162
F#,2014-07-01,5913
Elixir,2014-07-01,5782
Scheme,2014-07-01,5365
FORTRAN,2014-07-01,5155
Haxe,2014-07-01,4782
Pascal,2014-07-01,4717
Common Lisp,2014-07-01,4673
Processing,2014-07-01,4071
ASP,2014-07-01,3669
LiveScript,2014-07-01,3654
ColdFusion,2014-07-01,3111
Objective-C++,2014-07-01,2642
SQL,2014-07-01,2559
Racket,2014-07-01,2492
Vala,2014-07-01,2439
IDL,2014-07-01,2410
Verilog,2014-07-01,2155
Nix,2014-07-01,2151
VHDL,2014-07-01,1848
OpenEdge ABL,2014-07-01,1826
BlitzBasic,2014-07-01,1643
Apex,2014-07-01,1597
Tcl,2014-07-01,1578
nesC,2014-07-01,1531
Cuda,2014-07-01,1508
Smalltalk,2014-07-01,1492
Logos,2014-07-01,1351
Mathematica,2014-07-01,1347
SourcePawn,2014-07-01,1327
Prolog,2014-07-01,1278
AutoHotkey,2014-07-01,1201
Kotlin,2014-07-01,1198
Game Maker Language,2014-07-01,1182
Coq,2014-07-01,1163
Gosu,2014-07-01,1000
Max,2014-07-01,867
Standard ML,2014-07-01,862
Mercury,2014-07-01,793
Objective-J,2014-07-01,756
Nimrod,2014-07-01,756
Eiffel,2014-07-01,743
xBase,2014-07-01,731
Elm,2014-07-01,702
AppleScript,2014-07-01,676
Xtend,2014-07-01,663
Pure Data,2014-07-01,614
Gnuplot,2014-07-01,604
PureScript,2014-07-01,603
Perl6,2014-07-01,565
SAS,2014-07-01,550
Stata,2014-07-01,514
Ada,2014-07-01,499
XQuery,2014-07-01,498
DOT,2014-07-01,464
GAP,2014-07-01,449
M,2014-07-01,425
AutoIt,2014-07-01,376
Bluespec,2014-07-01,361
Propeller Spin,2014-07-01,348
KRL,2014-07-01,333
SuperCollider,2014-07-01,331
Agda,2014-07-01,331
Io,2014-07-01,316
XC,2014-07-01,292
PAWN,2014-07-01,288
Crystal,2014-07-01,288
Nemerle,2014-07-01,280
MoonScript,2014-07-01,275
Ceylon,2014-07-01,271
Awk,2014-07-01,269
Idris,2014-07-01,253
Squirrel,2014-07-01,247
SystemVerilog,2014-07-01,225
VCL,2014-07-01,222
Inform 7,2014-07-01,219
NetLogo,2014-07-01,210
COBOL,2014-07-01,201
XML,2014-07-01,196
FLUX,2014-07-01,194
Factor,2014-07-01,193
UnrealScript,2014-07-01,184
Dylan,2014-07-01,183
Brightscript,2014-07-01,183
Pike,2014-07-01,182
ABAP,2014-07-01,175
Component Pascal,2014-07-01,166
ANTLR,2014-07-01,160
Pan,2014-07-01,151
ATS,2014-07-01,150
Red,2014-07-01,144
Rebol,2014-07-01,139
Slash,2014-07-01,139
Isabelle,2014-07-01,136
Scilab,2014-07-01,134
Parrot,2014-07-01,131
Lasso,2014-07-01,124
JSONiq,2014-07-01,119
AspectJ,2014-07-01,117
wisp,2014-07-01,115
Monkey,2014-07-01,113
BlitzMax,2014-07-01,111
ooc,2014-07-01,102
Logtalk,2014-07-01,101
Frege,2014-07-01,100
Arc,2014-07-01,97
Hy,2014-07-01,93
HaXe,2014-07-01,90
Augeas,2014-07-01,82
Bro,2014-07-01,81
J,2014-07-01,78
Forth,2014-07-01,77
Ecl,2014-07-01,65
Delphi,2014-07-01,59
Mirah,2014-07-01,57
REALbasic,2014-07-01,55
XProc,2014-07-01,48
CLIPS,2014-07-01,46
PogoScript,2014-07-01,42
Zephir,2014-07-01,40
Xojo,2014-07-01,39
Nu,2014-07-01,39
Alloy,2014-07-01,37
Boo,2014-07-01,35
Glyph,2014-07-01,34
GAMS,2014-07-01,34
Grammatical Framework,2014-07-01,27
Volt,2014-07-01,18
Ragel in Ruby Host,2014-07-01,16
Dogescript,2014-07-01,15
eC,2014-07-01,14
Turing,2014-07-01,14
RobotFramework,2014-07-01,13
Clean,2014-07-01,12
Oxygene,2014-07-01,11
Cirru,2014-07-01,9
Fantom,2014-07-01,8
Self,2014-07-01,7
DCPU-16 ASM,2014-07-01,6
Opa,2014-07-01,4
Ox,2014-07-01,3
Grace,2014-07-01,3
Moocode,2014-07-01,2
Shen,2014-07-01,2
Nit,2014-07-01,1
E,2014-07-01,1
Ioke,2014-07-01,1
Fancy,2014-07-01,1
JavaScript,2014-06-01,1528432
Java,2014-06-01,889103
Python,2014-06-01,721437
CSS,2014-06-01,582348
Ruby,2014-06-01,579318
PHP,2014-06-01,568622
C++,2014-06-01,389509
C,2014-06-01,368065
Shell,2014-06-01,216093
C#,2014-06-01,194363
Objective-C,2014-06-01,170833
Go,2014-06-01,104668
R,2014-06-01,66669
CoffeeScript,2014-06-01,65044
Scala,2014-06-01,57223
Perl,2014-06-01,56230
VimL,2014-06-01,54575
TeX,2014-06-01,44875
Swift,2014-06-01,38208
Lua,2014-06-01,35619
Haskell,2014-06-01,35175
Clojure,2014-06-01,25309
Emacs Lisp,2014-06-01,24039
Groovy,2014-06-01,20696
Puppet,2014-06-01,19172
Rust,2014-06-01,19111
TypeScript,2014-06-01,18093
Matlab,2014-06-01,16404
Erlang,2014-06-01,14955
ActionScript,2014-06-01,9276
Julia,2014-06-01,8912
XSLT,2014-06-01,8827
OCaml,2014-06-01,7752
Arduino,2014-06-01,7579
PowerShell,2014-06-01,6952
SQL,2014-06-01,6901
Dart,2014-06-01,6739
DM,2014-06-01,6565
D,2014-06-01,6228
Visual Basic,2014-06-01,6219
Processing,2014-06-01,5951
Haxe,2014-06-01,5623
FORTRAN,2014-06-01,5418
F#,2014-06-01,5352
Assembly,2014-06-01,5348
ASP,2014-06-01,4826
Common Lisp,2014-06-01,4725
Scheme,2014-06-01,4716
Pascal,2014-06-01,4534
Elixir,2014-06-01,3983
SAS,2014-06-01,2650
ColdFusion,2014-06-01,2570
Cuda,2014-06-01,2262
Racket,2014-06-01,2208
Objective-C++,2014-06-01,2180
Smalltalk,2014-06-01,2168
IDL,2014-06-01,2061
LiveScript,2014-06-01,2024
nesC,2014-06-01,2017
Tcl,2014-06-01,1912
Vala,2014-06-01,1872
Verilog,2014-06-01,1743
Apex,2014-06-01,1700
VHDL,2014-06-01,1483
Standard ML,2014-06-01,1443
Game Maker Language,2014-06-01,1438
Logos,2014-06-01,1418
Eiffel,2014-06-01,1391
OpenEdge ABL,2014-06-01,1275
AppleScript,2014-06-01,1272
AutoHotkey,2014-06-01,1249
BlitzBasic,2014-06-01,1073
Max,2014-06-01,1064
Objective-J,2014-06-01,970
SourcePawn,2014-06-01,948
XML,2014-06-01,888
Coq,2014-06-01,868
Gosu,2014-06-01,845
xBase,2014-06-01,787
Gnuplot,2014-06-01,749
Nimrod,2014-06-01,720
Stata,2014-06-01,717
XQuery,2014-06-01,675
Kotlin,2014-06-01,654
Xtend,2014-06-01,617
Elm,2014-06-01,592
M,2014-06-01,579
Ada,2014-06-01,574
Inform 7,2014-06-01,565
Prolog,2014-06-01,561
Agda,2014-06-01,550
Propeller Spin,2014-06-01,536
AutoIt,2014-06-01,508
DOT,2014-06-01,483
Pure Data,2014-06-01,471
Nemerle,2014-06-01,468
Mercury,2014-06-01,467
Perl6,2014-06-01,428
COBOL,2014-06-01,393
SuperCollider,2014-06-01,392
PureScript,2014-06-01,340
Awk,2014-06-01,335
GAP,2014-06-01,320
Factor,2014-06-01,318
Dylan,2014-06-01,294
Slash,2014-06-01,287
Idris,2014-06-01,277
Squirrel,2014-06-01,275
Brightscript,2014-06-01,262
KRL,2014-06-01,254
Bluespec,2014-06-01,252
UnrealScript,2014-06-01,243
XC,2014-06-01,237
Pan,2014-06-01,232
Crystal,2014-06-01,229
Ceylon,2014-06-01,221
Lasso,2014-06-01,219
MoonScript,2014-06-01,205
HaXe,2014-06-01,203
Red,2014-06-01,193
ATS,2014-06-01,190
Io,2014-06-01,187
SystemVerilog,2014-06-01,183
Mathematica,2014-06-01,182
NetLogo,2014-06-01,173
ANTLR,2014-06-01,150
AspectJ,2014-06-01,145
Rebol,2014-06-01,145
PAWN,2014-06-01,143
Arc,2014-06-01,134
Augeas,2014-06-01,127
Logtalk,2014-06-01,121
Pike,2014-06-01,112
XProc,2014-06-01,104
Clean,2014-06-01,85
REALbasic,2014-06-01,76
Delphi,2014-06-01,76
Parrot,2014-06-01,72
Frege,2014-06-01,72
Fantom,2014-06-01,69
Scilab,2014-06-01,68
Component Pascal,2014-06-01,66
FLUX,2014-06-01,63
Ragel in Ruby Host,2014-06-01,58
Forth,2014-06-01,58
VCL,2014-06-01,56
eC,2014-06-01,50
JSONiq,2014-06-01,46
J,2014-06-01,45
Hy,2014-06-01,41
Alloy,2014-06-01,40
ooc,2014-06-01,39
Monkey,2014-06-01,35
Ecl,2014-06-01,35
Dogescript,2014-06-01,29
Nix,2014-06-01,27
Boo,2014-06-01,27
Glyph,2014-06-01,26
GAMS,2014-06-01,25
Nu,2014-06-01,24
Mirah,2014-06-01,21
Cirru,2014-06-01,20
Turing,2014-06-01,19
Oxygene,2014-06-01,19
Bro,2014-06-01,19
Zephir,2014-06-01,18
wisp,2014-06-01,18
RobotFramework,2014-06-01,18
ABAP,2014-06-01,15
Grammatical Framework,2014-06-01,15
CLIPS,2014-06-01,14
Harbour,2014-06-01,11
Opa,2014-06-01,10
PogoScript,2014-06-01,9
Volt,2014-06-01,9
Fancy,2014-06-01,7
Rouge,2014-06-01,7
DCPU-16 ASM,2014-06-01,6
Self,2014-06-01,6
Shen,2014-06-01,3
Moocode,2014-06-01,1
E,2014-06-01,1
Ioke,2014-06-01,1
Omgrofl,2014-06-01,1
Ox,2014-06-01,1
TXL,2014-06-01,1
JavaScript,2014-05-01,1608546
Java,2014-05-01,997572
Python,2014-05-01,748421
Ruby,2014-05-01,630511
CSS,2014-05-01,608069
PHP,2014-05-01,607967
C++,2014-05-01,416663
C,2014-05-01,383112
C#,2014-05-01,220873
Shell,2014-05-01,219331
Objective-C,2014-05-01,216172
Go,2014-05-01,96928
CoffeeScript,2014-05-01,78429
R,2014-05-01,66929
TeX,2014-05-01,60673
Perl,2014-05-01,58296
Scala,2014-05-01,58139
VimL,2014-05-01,55900
Haskell,2014-05-01,34317
Lua,2014-05-01,34304
Emacs Lisp,2014-05-01,27061
Clojure,2014-05-01,26606
Groovy,2014-05-01,20273
SQL,2014-05-01,19407
Puppet,2014-05-01,19023
TypeScript,2014-05-01,17499
Matlab,2014-05-01,16938
Erlang,2014-05-01,15804
Rust,2014-05-01,15084
ActionScript,2014-05-01,11496
Arduino,2014-05-01,8843
D,2014-05-01,8671
OCaml,2014-05-01,8628
XSLT,2014-05-01,8221
Dart,2014-05-01,7604
Julia,2014-05-01,7287
Assembly,2014-05-01,7197
PowerShell,2014-05-01,6962
Scheme,2014-05-01,6824
Visual Basic,2014-05-01,6398
DM,2014-05-01,6208
ASP,2014-05-01,6023
Objective-C++,2014-05-01,5958
Haxe,2014-05-01,5754
Common Lisp,2014-05-01,5591
F#,2014-05-01,5530
FORTRAN,2014-05-01,5282
Processing,2014-05-01,5057
Pascal,2014-05-01,4678
Elixir,2014-05-01,4653
VHDL,2014-05-01,3148
Racket,2014-05-01,3009
ColdFusion,2014-05-01,2523
Verilog,2014-05-01,2247
Vala,2014-05-01,2020
Logos,2014-05-01,2013
nesC,2014-05-01,1937
IDL,2014-05-01,1921
Tcl,2014-05-01,1684
LiveScript,2014-05-01,1666
Smalltalk,2014-05-01,1580
BlitzBasic,2014-05-01,1534
Apex,2014-05-01,1431
XML,2014-05-01,1367
AutoHotkey,2014-05-01,1351
Eiffel,2014-05-01,1340
OpenEdge ABL,2014-05-01,1265
Standard ML,2014-05-01,1151
Prolog,2014-05-01,1105
Game Maker Language,2014-05-01,1093
Max,2014-05-01,971
Nemerle,2014-05-01,903
AppleScript,2014-05-01,879
Coq,2014-05-01,850
Xtend,2014-05-01,849
Rebol,2014-05-01,809
DOT,2014-05-01,782
NetLogo,2014-05-01,745
Gosu,2014-05-01,729
SourcePawn,2014-05-01,727
Cuda,2014-05-01,724
Ada,2014-05-01,711
XQuery,2014-05-01,682
Nimrod,2014-05-01,672
xBase,2014-05-01,666
Kotlin,2014-05-01,653
Objective-J,2014-05-01,649
M,2014-05-01,591
Mercury,2014-05-01,578
PureScript,2014-05-01,551
Slash,2014-05-01,510
Inform 7,2014-05-01,510
AutoIt,2014-05-01,492
UnrealScript,2014-05-01,489
Perl6,2014-05-01,460
Pure Data,2014-05-01,442
Stata,2014-05-01,434
ATS,2014-05-01,424
Gnuplot,2014-05-01,412
Elm,2014-05-01,405
Idris,2014-05-01,396
Agda,2014-05-01,381
ANTLR,2014-05-01,350
COBOL,2014-05-01,348
Dylan,2014-05-01,310
GAP,2014-05-01,288
Lasso,2014-05-01,286
Squirrel,2014-05-01,283
Ceylon,2014-05-01,258
PAWN,2014-05-01,257
MoonScript,2014-05-01,247
Bluespec,2014-05-01,241
REALbasic,2014-05-01,233
SystemVerilog,2014-05-01,227
Awk,2014-05-01,225
XC,2014-05-01,224
HaXe,2014-05-01,202
AspectJ,2014-05-01,198
Propeller Spin,2014-05-01,192
CLIPS,2014-05-01,178
Alloy,2014-05-01,172
Crystal,2014-05-01,170
SuperCollider,2014-05-01,165
Factor,2014-05-01,160
Brightscript,2014-05-01,157
Mathematica,2014-05-01,149
Arc,2014-05-01,147
Augeas,2014-05-01,130
KRL,2014-05-01,124
Pike,2014-05-01,123
Boo,2014-05-01,118
Scilab,2014-05-01,116
XProc,2014-05-01,98
Bro,2014-05-01,98
Logtalk,2014-05-01,98
Io,2014-05-01,97
Parrot,2014-05-01,95
Hy,2014-05-01,81
Monkey,2014-05-01,78
Red,2014-05-01,77
Volt,2014-05-01,70
Frege,2014-05-01,68
Fantom,2014-05-01,66
JSONiq,2014-05-01,62
Delphi,2014-05-01,61
Glyph,2014-05-01,59
Nu,2014-05-01,48
FLUX,2014-05-01,44
wisp,2014-05-01,43
Forth,2014-05-01,39
J,2014-05-01,38
RobotFramework,2014-05-01,35
Zephir,2014-05-01,35
Ecl,2014-05-01,35
Clean,2014-05-01,33
eC,2014-05-01,24
Self,2014-05-01,22
ABAP,2014-05-01,21
Ragel in Ruby Host,2014-05-01,20
Turing,2014-05-01,18
Oxygene,2014-05-01,15
PogoScript,2014-05-01,13
Grammatical Framework,2014-05-01,11
Dogescript,2014-05-01,11
Harbour,2014-05-01,7
Mirah,2014-05-01,5
Cirru,2014-05-01,5
Rouge,2014-05-01,5
Opa,2014-05-01,2
DCPU-16 ASM,2014-05-01,2
ooc,2014-05-01,2
E,2014-05-01,1
Fancy,2014-05-01,1
JavaScript,2014-04-01,1559062
Java,2014-04-01,949704
Python,2014-04-01,730571
Ruby,2014-04-01,627424
CSS,2014-04-01,615125
PHP,2014-04-01,598745
C++,2014-04-01,389773
C,2014-04-01,376278
Objective-C,2014-04-01,215031
Shell,2014-04-01,209894
C#,2014-04-01,193065
Go,2014-04-01,88447
CoffeeScript,2014-04-01,60472
VimL,2014-04-01,56131
R,2014-04-01,55685
Perl,2014-04-01,55231
Scala,2014-04-01,54683
TeX,2014-04-01,51449
Haskell,2014-04-01,33883
Lua,2014-04-01,31551
Clojure,2014-04-01,28152
Emacs Lisp,2014-04-01,26608
Groovy,2014-04-01,17958
TypeScript,2014-04-01,17647
Puppet,2014-04-01,17443
Matlab,2014-04-01,16073
Erlang,2014-04-01,15333
Rust,2014-04-01,12696
ActionScript,2014-04-01,11130
Arduino,2014-04-01,8940
XSLT,2014-04-01,8180
OCaml,2014-04-01,8077
ASP,2014-04-01,7842
Dart,2014-04-01,7582
D,2014-04-01,7491
PowerShell,2014-04-01,6955
Assembly,2014-04-01,6331
Visual Basic,2014-04-01,6195
Julia,2014-04-01,6193
Haxe,2014-04-01,6009
DM,2014-04-01,5758
Common Lisp,2014-04-01,5638
F#,2014-04-01,5581
Objective-C++,2014-04-01,5225
Processing,2014-04-01,5170
Scheme,2014-04-01,4972
FORTRAN,2014-04-01,4358
Pascal,2014-04-01,4128
Elixir,2014-04-01,3430
VHDL,2014-04-01,3258
Racket,2014-04-01,2984
LiveScript,2014-04-01,2798
Verilog,2014-04-01,2672
nesC,2014-04-01,2304
IDL,2014-04-01,2180
Eiffel,2014-04-01,1732
ColdFusion,2014-04-01,1605
Vala,2014-04-01,1586
BlitzBasic,2014-04-01,1549
Apex,2014-04-01,1454
AutoHotkey,2014-04-01,1364
Standard ML,2014-04-01,1242
XML,2014-04-01,1219
DOT,2014-04-01,1201
Logos,2014-04-01,1199
Tcl,2014-04-01,1184
xBase,2014-04-01,1132
AppleScript,2014-04-01,1090
Max,2014-04-01,956
AutoIt,2014-04-01,928
Coq,2014-04-01,906
Smalltalk,2014-04-01,860
Nimrod,2014-04-01,813
M,2014-04-01,811
OpenEdge ABL,2014-04-01,730
Xtend,2014-04-01,722
Ada,2014-04-01,675
Gosu,2014-04-01,672
Nemerle,2014-04-01,604
Kotlin,2014-04-01,600
KRL,2014-04-01,554
XQuery,2014-04-01,553
Lasso,2014-04-01,553
Perl6,2014-04-01,551
Objective-J,2014-04-01,534
Rebol,2014-04-01,469
Agda,2014-04-01,465
NetLogo,2014-04-01,463
Elm,2014-04-01,463
XC,2014-04-01,444
Prolog,2014-04-01,390
COBOL,2014-04-01,363
UnrealScript,2014-04-01,342
Slash,2014-04-01,339
SuperCollider,2014-04-01,324
Awk,2014-04-01,313
HaXe,2014-04-01,313
Idris,2014-04-01,277
Pure Data,2014-04-01,274
Factor,2014-04-01,252
Bluespec,2014-04-01,247
SourcePawn,2014-04-01,246
Squirrel,2014-04-01,224
Brightscript,2014-04-01,221
Scilab,2014-04-01,195
CLIPS,2014-04-01,195
Arc,2014-04-01,191
Game Maker Language,2014-04-01,188
MoonScript,2014-04-01,168
Dylan,2014-04-01,156
PureScript,2014-04-01,134
Augeas,2014-04-01,132
ANTLR,2014-04-01,131
Logtalk,2014-04-01,129
SystemVerilog,2014-04-01,122
Io,2014-04-01,107
Pike,2014-04-01,95
Parrot,2014-04-01,81
PAWN,2014-04-01,79
GAP,2014-04-01,75
REALbasic,2014-04-01,67
Ceylon,2014-04-01,67
Mercury,2014-04-01,64
ATS,2014-04-01,64
Crystal,2014-04-01,64
FLUX,2014-04-01,62
Delphi,2014-04-01,61
Hy,2014-04-01,61
wisp,2014-04-01,55
Ragel in Ruby Host,2014-04-01,52
Stata,2014-04-01,50
Zephir,2014-04-01,49
Frege,2014-04-01,48
Bro,2014-04-01,48
Inform 7,2014-04-01,42
Gnuplot,2014-04-01,41
Oxygene,2014-04-01,40
Glyph,2014-04-01,39
Boo,2014-04-01,39
eC,2014-04-01,38
Monkey,2014-04-01,37
AspectJ,2014-04-01,37
XProc,2014-04-01,36
Ecl,2014-04-01,33
Fantom,2014-04-01,32
Volt,2014-04-01,30
Clean,2014-04-01,28
RobotFramework,2014-04-01,22
J,2014-04-01,20
Mirah,2014-04-01,19
Alloy,2014-04-01,19
Mathematica,2014-04-01,17
Self,2014-04-01,15
DCPU-16 ASM,2014-04-01,14
Turing,2014-04-01,13
PogoScript,2014-04-01,12
Forth,2014-04-01,11
Rouge,2014-04-01,11
ABAP,2014-04-01,10
Nu,2014-04-01,10
Opa,2014-04-01,7
Fancy,2014-04-01,6
Harbour,2014-04-01,3
ooc,2014-04-01,3
JSONiq,2014-04-01,2
Grammatical Framework,2014-04-01,1
JavaScript,2014-03-01,1510994
Java,2014-03-01,912973
Python,2014-03-01,727375
PHP,2014-03-01,613374
CSS,2014-03-01,613322
Ruby,2014-03-01,611042
C++,2014-03-01,391382
C,2014-03-01,386797
Shell,2014-03-01,216714
Objective-C,2014-03-01,212820
C#,2014-03-01,177190
Go,2014-03-01,75000
CoffeeScript,2014-03-01,68705
Perl,2014-03-01,59755
VimL,2014-03-01,57904
Scala,2014-03-01,53034
TeX,2014-03-01,49351
R,2014-03-01,47853
Haskell,2014-03-01,29985
Emacs Lisp,2014-03-01,29514
Lua,2014-03-01,28153
Clojure,2014-03-01,26852
TypeScript,2014-03-01,21352
Puppet,2014-03-01,19975
Groovy,2014-03-01,16181
Erlang,2014-03-01,15666
Matlab,2014-03-01,14770
Dart,2014-03-01,10072
ActionScript,2014-03-01,10040
Rust,2014-03-01,9648
Arduino,2014-03-01,9196
Assembly,2014-03-01,8304
OCaml,2014-03-01,8192
D,2014-03-01,8183
Julia,2014-03-01,8043
XSLT,2014-03-01,7771
F#,2014-03-01,5910
PowerShell,2014-03-01,5859
Haxe,2014-03-01,5624
Common Lisp,2014-03-01,5517
Visual Basic,2014-03-01,5483
ASP,2014-03-01,5071
DM,2014-03-01,5069
Processing,2014-03-01,4685
FORTRAN,2014-03-01,4629
Pascal,2014-03-01,4438
Scheme,2014-03-01,4286
KRL,2014-03-01,3244
VHDL,2014-03-01,3212
Elixir,2014-03-01,3126
Verilog,2014-03-01,2689
Racket,2014-03-01,2630
Vala,2014-03-01,2284
LiveScript,2014-03-01,2280
IDL,2014-03-01,2208
nesC,2014-03-01,2169
ColdFusion,2014-03-01,1659
BlitzBasic,2014-03-01,1558
Apex,2014-03-01,1436
Standard ML,2014-03-01,1433
Tcl,2014-03-01,1378
Logos,2014-03-01,1354
AutoHotkey,2014-03-01,1289
XML,2014-03-01,1222
DOT,2014-03-01,1142
Max,2014-03-01,1053
AppleScript,2014-03-01,1026
Lasso,2014-03-01,1006
Eiffel,2014-03-01,959
M,2014-03-01,829
Kotlin,2014-03-01,826
AutoIt,2014-03-01,796
Nimrod,2014-03-01,790
OpenEdge ABL,2014-03-01,779
Coq,2014-03-01,768
Smalltalk,2014-03-01,736
xBase,2014-03-01,623
Ada,2014-03-01,589
Pure Data,2014-03-01,539
Objective-J,2014-03-01,526
Awk,2014-03-01,520
XQuery,2014-03-01,473
Elm,2014-03-01,470
Gosu,2014-03-01,388
Agda,2014-03-01,381
Nemerle,2014-03-01,366
Xtend,2014-03-01,352
NetLogo,2014-03-01,344
UnrealScript,2014-03-01,336
Brightscript,2014-03-01,305
Perl6,2014-03-01,298
Slash,2014-03-01,283
Dylan,2014-03-01,270
MoonScript,2014-03-01,266
HaXe,2014-03-01,259
SuperCollider,2014-03-01,254
Squirrel,2014-03-01,248
XC,2014-03-01,241
Io,2014-03-01,226
Factor,2014-03-01,217
Bluespec,2014-03-01,212
Prolog,2014-03-01,199
COBOL,2014-03-01,198
Scilab,2014-03-01,189
CLIPS,2014-03-01,184
Pike,2014-03-01,167
Ceylon,2014-03-01,152
Crystal,2014-03-01,150
Parrot,2014-03-01,150
Idris,2014-03-01,146
Monkey,2014-03-01,139
wisp,2014-03-01,126
ANTLR,2014-03-01,124
Boo,2014-03-01,119
Turing,2014-03-01,111
Clean,2014-03-01,111
Arc,2014-03-01,107
Logtalk,2014-03-01,106
Rebol,2014-03-01,97
Oxygene,2014-03-01,84
Delphi,2014-03-01,84
Glyph,2014-03-01,82
Augeas,2014-03-01,80
REALbasic,2014-03-01,78
Fantom,2014-03-01,76
ooc,2014-03-01,74
Mirah,2014-03-01,66
Forth,2014-03-01,64
XProc,2014-03-01,54
RobotFramework,2014-03-01,54
Bro,2014-03-01,53
Self,2014-03-01,52
DCPU-16 ASM,2014-03-01,52
Ioke,2014-03-01,43
Ragel in Ruby Host,2014-03-01,42
J,2014-03-01,37
Volt,2014-03-01,29
eC,2014-03-01,27
ABAP,2014-03-01,27
Ecl,2014-03-01,26
Rouge,2014-03-01,22
PogoScript,2014-03-01,15
Nu,2014-03-01,9
Fancy,2014-03-01,8
Opa,2014-03-01,8
TXL,2014-03-01,2
JavaScript,2014-02-01,1304611
Java,2014-02-01,765364
Python,2014-02-01,739782
Ruby,2014-02-01,568085
PHP,2014-02-01,549226
CSS,2014-02-01,500641
C++,2014-02-01,341223
C,2014-02-01,333998
Shell,2014-02-01,193077
Objective-C,2014-02-01,175467
C#,2014-02-01,156063
Go,2014-02-01,72684
CoffeeScript,2014-02-01,59986
VimL,2014-02-01,52966
Perl,2014-02-01,50835
Scala,2014-02-01,48780
TeX,2014-02-01,39287
R,2014-02-01,28199
Lua,2014-02-01,27327
Clojure,2014-02-01,26600
Haskell,2014-02-01,25221
Emacs Lisp,2014-02-01,24813
TypeScript,2014-02-01,18192
Puppet,2014-02-01,17102
Groovy,2014-02-01,15469
Erlang,2014-02-01,13575
Matlab,2014-02-01,12293
Rust,2014-02-01,9938
Dart,2014-02-01,9485
ActionScript,2014-02-01,8887
Arduino,2014-02-01,7958
D,2014-02-01,7889
Julia,2014-02-01,7565
OCaml,2014-02-01,7556
XSLT,2014-02-01,6363
Assembly,2014-02-01,6101
Common Lisp,2014-02-01,5202
Visual Basic,2014-02-01,5002
Scheme,2014-02-01,4995
Haxe,2014-02-01,4824
PowerShell,2014-02-01,4792
ASP,2014-02-01,4788
F#,2014-02-01,4554
DM,2014-02-01,4220
Processing,2014-02-01,4030
Pascal,2014-02-01,4003
Elixir,2014-02-01,3828
FORTRAN,2014-02-01,3559
VHDL,2014-02-01,3115
KRL,2014-02-01,2973
IDL,2014-02-01,2413
ColdFusion,2014-02-01,2291
Racket,2014-02-01,2236
nesC,2014-02-01,2048
Vala,2014-02-01,1933
Apex,2014-02-01,1646
AutoHotkey,2014-02-01,1583
LiveScript,2014-02-01,1565
Verilog,2014-02-01,1500
BlitzBasic,2014-02-01,1497
Tcl,2014-02-01,1422
Standard ML,2014-02-01,1337
Logos,2014-02-01,1231
XML,2014-02-01,1197
DOT,2014-02-01,1121
AppleScript,2014-02-01,950
Lasso,2014-02-01,902
Max,2014-02-01,853
Coq,2014-02-01,831
Smalltalk,2014-02-01,755
OpenEdge ABL,2014-02-01,716
Objective-J,2014-02-01,705
Nimrod,2014-02-01,699
M,2014-02-01,569
xBase,2014-02-01,561
Ada,2014-02-01,513
XQuery,2014-02-01,506
UnrealScript,2014-02-01,502
Kotlin,2014-02-01,482
Gosu,2014-02-01,469
Brightscript,2014-02-01,449
AutoIt,2014-02-01,420
Agda,2014-02-01,407
Xtend,2014-02-01,383
Io,2014-02-01,373
Pure Data,2014-02-01,338
Dylan,2014-02-01,293
Prolog,2014-02-01,291
MoonScript,2014-02-01,262
SuperCollider,2014-02-01,253
NetLogo,2014-02-01,253
Scilab,2014-02-01,245
XC,2014-02-01,235
Nemerle,2014-02-01,233
Elm,2014-02-01,233
Perl6,2014-02-01,224
Idris,2014-02-01,219
Bluespec,2014-02-01,214
HaXe,2014-02-01,210
Awk,2014-02-01,205
Eiffel,2014-02-01,178
Boo,2014-02-01,178
Pike,2014-02-01,175
Squirrel,2014-02-01,166
Slash,2014-02-01,158
Arc,2014-02-01,157
Factor,2014-02-01,155
Crystal,2014-02-01,148
Logtalk,2014-02-01,140
COBOL,2014-02-01,138
REALbasic,2014-02-01,126
XProc,2014-02-01,125
Ceylon,2014-02-01,123
ooc,2014-02-01,121
Delphi,2014-02-01,108
Augeas,2014-02-01,97
J,2014-02-01,86
ANTLR,2014-02-01,85
Clean,2014-02-01,81
PogoScript,2014-02-01,68
Parrot,2014-02-01,68
Nu,2014-02-01,58
Ecl,2014-02-01,55
CLIPS,2014-02-01,55
Ragel in Ruby Host,2014-02-01,54
Oxygene,2014-02-01,52
Rebol,2014-02-01,50
Monkey,2014-02-01,50
ABAP,2014-02-01,44
Self,2014-02-01,43
wisp,2014-02-01,39
Fancy,2014-02-01,38
Turing,2014-02-01,37
Bro,2014-02-01,36
RobotFramework,2014-02-01,36
DCPU-16 ASM,2014-02-01,31
Mirah,2014-02-01,29
Volt,2014-02-01,22
eC,2014-02-01,21
Omgrofl,2014-02-01,21
Glyph,2014-02-01,18
Opa,2014-02-01,17
Forth,2014-02-01,13
Fantom,2014-02-01,8
TXL,2014-02-01,4
Ioke,2014-02-01,1
JavaScript,2014-01-01,1321264
Java,2014-01-01,759681
Python,2014-01-01,621472
Ruby,2014-01-01,574241
PHP,2014-01-01,566964
CSS,2014-01-01,466448
C++,2014-01-01,337256
C,2014-01-01,327973
Shell,2014-01-01,194108
Objective-C,2014-01-01,176866
C#,2014-01-01,156809
Go,2014-01-01,72596
VimL,2014-01-01,55666
Perl,2014-01-01,54671
CoffeeScript,2014-01-01,54097
Scala,2014-01-01,45529
TeX,2014-01-01,39654
Clojure,2014-01-01,34220
Lua,2014-01-01,31267
R,2014-01-01,29374
Emacs Lisp,2014-01-01,27390
Haskell,2014-01-01,27189
TypeScript,2014-01-01,18764
Puppet,2014-01-01,16942
Groovy,2014-01-01,13906
Erlang,2014-01-01,13436
Matlab,2014-01-01,12160
ActionScript,2014-01-01,10577
Rust,2014-01-01,10316
Dart,2014-01-01,9007
OCaml,2014-01-01,8769
XSLT,2014-01-01,8088
Common Lisp,2014-01-01,7481
Arduino,2014-01-01,6924
Julia,2014-01-01,6602
D,2014-01-01,6468
Processing,2014-01-01,5434
DM,2014-01-01,5380
Assembly,2014-01-01,5004
Scheme,2014-01-01,4990
PowerShell,2014-01-01,4859
Visual Basic,2014-01-01,4846
Haxe,2014-01-01,4686
F#,2014-01-01,4512
ASP,2014-01-01,3573
Pascal,2014-01-01,3513
IDL,2014-01-01,3346
FORTRAN,2014-01-01,3320
Elixir,2014-01-01,3145
VHDL,2014-01-01,2757
Racket,2014-01-01,2338
ColdFusion,2014-01-01,2253
Vala,2014-01-01,2042
nesC,2014-01-01,2001
LiveScript,2014-01-01,1955
Logos,2014-01-01,1793
BlitzBasic,2014-01-01,1679
Tcl,2014-01-01,1551
XML,2014-01-01,1525
Verilog,2014-01-01,1449
DOT,2014-01-01,1404
AutoHotkey,2014-01-01,1160
Lasso,2014-01-01,1004
Apex,2014-01-01,948
Standard ML,2014-01-01,899
OpenEdge ABL,2014-01-01,887
AppleScript,2014-01-01,881
Coq,2014-01-01,852
Smalltalk,2014-01-01,799
Max,2014-01-01,712
Io,2014-01-01,666
M,2014-01-01,639
UnrealScript,2014-01-01,622
Objective-J,2014-01-01,605
XQuery,2014-01-01,572
Ada,2014-01-01,571
xBase,2014-01-01,556
AutoIt,2014-01-01,486
Xtend,2014-01-01,475
Eiffel,2014-01-01,446
Nimrod,2014-01-01,427
Dylan,2014-01-01,424
Slash,2014-01-01,421
Elm,2014-01-01,419
Agda,2014-01-01,403
Perl6,2014-01-01,367
Awk,2014-01-01,363
Prolog,2014-01-01,362
Gosu,2014-01-01,358
Brightscript,2014-01-01,322
Kotlin,2014-01-01,320
SuperCollider,2014-01-01,293
XC,2014-01-01,285
Ceylon,2014-01-01,282
Scilab,2014-01-01,227
HaXe,2014-01-01,223
ooc,2014-01-01,217
Pure Data,2014-01-01,212
Bluespec,2014-01-01,201
Nemerle,2014-01-01,200
Idris,2014-01-01,195
Crystal,2014-01-01,194
MoonScript,2014-01-01,192
COBOL,2014-01-01,187
Squirrel,2014-01-01,184
Arc,2014-01-01,140
XProc,2014-01-01,133
Logtalk,2014-01-01,130
Pike,2014-01-01,121
NetLogo,2014-01-01,118
Delphi,2014-01-01,108
ANTLR,2014-01-01,102
Boo,2014-01-01,101
Factor,2014-01-01,92
Parrot,2014-01-01,88
DCPU-16 ASM,2014-01-01,87
REALbasic,2014-01-01,81
Self,2014-01-01,74
CLIPS,2014-01-01,72
Oxygene,2014-01-01,66
Augeas,2014-01-01,66
Mirah,2014-01-01,64
Bro,2014-01-01,53
Ragel in Ruby Host,2014-01-01,49
Ecl,2014-01-01,47
Clean,2014-01-01,47
Forth,2014-01-01,40
PogoScript,2014-01-01,38
KRL,2014-01-01,36
Monkey,2014-01-01,33
Nu,2014-01-01,28
Turing,2014-01-01,24
Volt,2014-01-01,21
J,2014-01-01,19
Glyph,2014-01-01,18
Fantom,2014-01-01,17
ABAP,2014-01-01,12
Opa,2014-01-01,9
Rouge,2014-01-01,5
Omgrofl,2014-01-01,4
Fancy,2014-01-01,4
Rebol,2014-01-01,4
Ioke,2014-01-01,3
eC,2014-01-01,1
RobotFramework,2014-01-01,1
wisp,2014-01-01,1
TXL,2014-01-01,1
JavaScript,2013-12-01,1183777
Java,2013-12-01,693391
Python,2013-12-01,521387
Ruby,2013-12-01,518196
PHP,2013-12-01,466259
CSS,2013-12-01,406772
C++,2013-12-01,314785
C,2013-12-01,309699
Shell,2013-12-01,185826
Objective-C,2013-12-01,157848
C#,2013-12-01,138929
Go,2013-12-01,61515
VimL,2013-12-01,51070
Perl,2013-12-01,48473
CoffeeScript,2013-12-01,47929
Scala,2013-12-01,37942
TeX,2013-12-01,33668
Lua,2013-12-01,25510
Emacs Lisp,2013-12-01,24466
Haskell,2013-12-01,22787
Clojure,2013-12-01,22450
R,2013-12-01,20120
Matlab,2013-12-01,15033
Puppet,2013-12-01,14746
TypeScript,2013-12-01,13962
Erlang,2013-12-01,12667
Groovy,2013-12-01,11693
ActionScript,2013-12-01,11227
OCaml,2013-12-01,9836
Rust,2013-12-01,7287
Logos,2013-12-01,6996
Dart,2013-12-01,6587
D,2013-12-01,6544
Arduino,2013-12-01,6301
XSLT,2013-12-01,5547
Julia,2013-12-01,5224
Processing,2013-12-01,5009
Common Lisp,2013-12-01,4522
F#,2013-12-01,4409
Assembly,2013-12-01,4241
Visual Basic,2013-12-01,4115
PowerShell,2013-12-01,4107
Haxe,2013-12-01,3631
ASP,2013-12-01,3339
DM,2013-12-01,3298
Scheme,2013-12-01,3234
Elixir,2013-12-01,3181
FORTRAN,2013-12-01,2708
Prolog,2013-12-01,2662
Racket,2013-12-01,2168
Pascal,2013-12-01,2092
Verilog,2013-12-01,1999
VHDL,2013-12-01,1922
Vala,2013-12-01,1881
Oxygene,2013-12-01,1831
LiveScript,2013-12-01,1567
DOT,2013-12-01,1566
ColdFusion,2013-12-01,1507
XML,2013-12-01,1323
Lasso,2013-12-01,1231
nesC,2013-12-01,1214
Tcl,2013-12-01,1203
Coq,2013-12-01,1051
Standard ML,2013-12-01,1000
BlitzBasic,2013-12-01,990
AutoHotkey,2013-12-01,918
OpenEdge ABL,2013-12-01,832
Nimrod,2013-12-01,766
Max,2013-12-01,664
Smalltalk,2013-12-01,633
Objective-J,2013-12-01,624
Apex,2013-12-01,603
Ada,2013-12-01,589
M,2013-12-01,524
AppleScript,2013-12-01,510
Eiffel,2013-12-01,425
XQuery,2013-12-01,419
IDL,2013-12-01,377
Elm,2013-12-01,363
SuperCollider,2013-12-01,360
Brightscript,2013-12-01,358
Agda,2013-12-01,312
Nemerle,2013-12-01,311
Ceylon,2013-12-01,300
Awk,2013-12-01,295
AutoIt,2013-12-01,294
UnrealScript,2013-12-01,287
XC,2013-12-01,278
Dylan,2013-12-01,277
Pure Data,2013-12-01,271
Gosu,2013-12-01,271
HaXe,2013-12-01,261
Kotlin,2013-12-01,253
xBase,2013-12-01,250
Xtend,2013-12-01,250
Slash,2013-12-01,239
Bluespec,2013-12-01,187
Squirrel,2013-12-01,185
Io,2013-12-01,181
MoonScript,2013-12-01,154
Scilab,2013-12-01,152
Boo,2013-12-01,151
KRL,2013-12-01,144
NetLogo,2013-12-01,141
ooc,2013-12-01,134
Arc,2013-12-01,134
Delphi,2013-12-01,122
COBOL,2013-12-01,120
Idris,2013-12-01,116
Factor,2013-12-01,98
Pike,2013-12-01,96
Logtalk,2013-12-01,94
Augeas,2013-12-01,80
Perl6,2013-12-01,71
Parrot,2013-12-01,69
XProc,2013-12-01,67
Bro,2013-12-01,49
Ragel in Ruby Host,2013-12-01,47
PogoScript,2013-12-01,43
Mirah,2013-12-01,41
Crystal,2013-12-01,40
CLIPS,2013-12-01,38
J,2013-12-01,36
REALbasic,2013-12-01,33
ANTLR,2013-12-01,30
Glyph,2013-12-01,29
Ecl,2013-12-01,25
Monkey,2013-12-01,25
wisp,2013-12-01,21
DCPU-16 ASM,2013-12-01,21
Rebol,2013-12-01,20
Nu,2013-12-01,18
TXL,2013-12-01,17
Clean,2013-12-01,16
Volt,2013-12-01,12
Forth,2013-12-01,12
Fantom,2013-12-01,9
Opa,2013-12-01,7
Self,2013-12-01,6
Fancy,2013-12-01,6
eC,2013-12-01,4
ABAP,2013-12-01,4
Turing,2013-12-01,4
RobotFramework,2013-12-01,3
Ioke,2013-12-01,2
JavaScript,2013-11-01,1209706
Java,2013-11-01,748127
Python,2013-11-01,555506
Ruby,2013-11-01,555191
PHP,2013-11-01,502447
CSS,2013-11-01,425159
C++,2013-11-01,337467
C,2013-11-01,312499
Shell,2013-11-01,185241
Objective-C,2013-11-01,164328
C#,2013-11-01,145222
Go,2013-11-01,60136
Perl,2013-11-01,53051
VimL,2013-11-01,50286
CoffeeScript,2013-11-01,47844
Scala,2013-11-01,44713
Emacs Lisp,2013-11-01,23709
Lua,2013-11-01,23146
Haskell,2013-11-01,22685
Clojure,2013-11-01,22103
R,2013-11-01,21074
Puppet,2013-11-01,17318
Matlab,2013-11-01,16344
Erlang,2013-11-01,13661
Groovy,2013-11-01,12743
ActionScript,2013-11-01,11174
TypeScript,2013-11-01,10763
Logos,2013-11-01,9774
OCaml,2013-11-01,8326
Dart,2013-11-01,7715
Rust,2013-11-01,6821
D,2013-11-01,6641
Arduino,2013-11-01,6249
XSLT,2013-11-01,6244
ASP,2013-11-01,5332
Prolog,2013-11-01,4869
Common Lisp,2013-11-01,4806
PowerShell,2013-11-01,4445
Processing,2013-11-01,4430
Julia,2013-11-01,4286
Assembly,2013-11-01,4115
FORTRAN,2013-11-01,3755
Visual Basic,2013-11-01,3754
F#,2013-11-01,3603
Haxe,2013-11-01,3532
Racket,2013-11-01,3491
Pascal,2013-11-01,3371
Scheme,2013-11-01,3261
Elixir,2013-11-01,2626
Verilog,2013-11-01,2434
VHDL,2013-11-01,2252
ColdFusion,2013-11-01,2104
OpenEdge ABL,2013-11-01,1953
Vala,2013-11-01,1713
DOT,2013-11-01,1649
Tcl,2013-11-01,1488
Lasso,2013-11-01,1342
LiveScript,2013-11-01,1229
AutoHotkey,2013-11-01,1206
Standard ML,2013-11-01,1093
Coq,2013-11-01,1082
XML,2013-11-01,831
M,2013-11-01,787
SuperCollider,2013-11-01,777
Apex,2013-11-01,706
Factor,2013-11-01,675
Ada,2013-11-01,603
Smalltalk,2013-11-01,577
XQuery,2013-11-01,493
Nimrod,2013-11-01,472
Pure Data,2013-11-01,443
Xtend,2013-11-01,417
Nemerle,2013-11-01,390
Eiffel,2013-11-01,378
Elm,2013-11-01,370
Ceylon,2013-11-01,367
Slash,2013-11-01,356
XC,2013-11-01,353
Objective-J,2013-11-01,350
Squirrel,2013-11-01,349
Kotlin,2013-11-01,322
AppleScript,2013-11-01,311
Delphi,2013-11-01,284
Awk,2013-11-01,281
Io,2013-11-01,272
Dylan,2013-11-01,251
HaXe,2013-11-01,226
Gosu,2013-11-01,208
Scilab,2013-11-01,185
Boo,2013-11-01,149
Parrot,2013-11-01,129
Pike,2013-11-01,83
MoonScript,2013-11-01,82
Logtalk,2013-11-01,79
Bro,2013-11-01,77
Ragel in Ruby Host,2013-11-01,72
Augeas,2013-11-01,65
J,2013-11-01,64
Forth,2013-11-01,57
XProc,2013-11-01,55
ooc,2013-11-01,54
Ecl,2013-11-01,50
Arc,2013-11-01,42
PogoScript,2013-11-01,32
COBOL,2013-11-01,29
Rebol,2013-11-01,28
DCPU-16 ASM,2013-11-01,21
Nu,2013-11-01,21
Max,2013-11-01,20
ABAP,2013-11-01,19
Self,2013-11-01,19
CLIPS,2013-11-01,17
wisp,2013-11-01,15
Fancy,2013-11-01,14
Mirah,2013-11-01,13
Rouge,2013-11-01,8
Monkey,2013-11-01,8
Turing,2013-11-01,8
Volt,2013-11-01,6
Opa,2013-11-01,3
Fantom,2013-11-01,2
TXL,2013-11-01,1
eC,2013-11-01,1
Ioke,2013-11-01,1
Omgrofl,2013-11-01,1
JavaScript,2013-10-01,1209950
Java,2013-10-01,684242
Ruby,2013-10-01,577152
Python,2013-10-01,554352
PHP,2013-10-01,494601
CSS,2013-10-01,405574
C++,2013-10-01,327731
C,2013-10-01,291643
Shell,2013-10-01,193555
Objective-C,2013-10-01,158689
C#,2013-10-01,134569
Perl,2013-10-01,55919
Go,2013-10-01,54938
Scala,2013-10-01,51596
VimL,2013-10-01,50831
CoffeeScript,2013-10-01,45643
Clojure,2013-10-01,25343
Haskell,2013-10-01,25172
Emacs Lisp,2013-10-01,24952
Lua,2013-10-01,21274
R,2013-10-01,21184
Puppet,2013-10-01,20577
Groovy,2013-10-01,14362
Matlab,2013-10-01,13701
Erlang,2013-10-01,13207
ActionScript,2013-10-01,10898
TypeScript,2013-10-01,9020
OCaml,2013-10-01,7940
Rust,2013-10-01,7221
Logos,2013-10-01,7017
XSLT,2013-10-01,6187
D,2013-10-01,6158
Arduino,2013-10-01,5516
Dart,2013-10-01,4904
Common Lisp,2013-10-01,4819
Visual Basic,2013-10-01,4643
Julia,2013-10-01,4555
ASP,2013-10-01,4093
Pascal,2013-10-01,3988
PowerShell,2013-10-01,3732
Scheme,2013-10-01,3672
Processing,2013-10-01,3670
Racket,2013-10-01,3597
F#,2013-10-01,3355
Assembly,2013-10-01,3350
FORTRAN,2013-10-01,3236
Elixir,2013-10-01,3049
Haxe,2013-10-01,3006
Prolog,2013-10-01,2592
VHDL,2013-10-01,2292
ColdFusion,2013-10-01,2157
Vala,2013-10-01,1809
Verilog,2013-10-01,1761
DOT,2013-10-01,1757
OpenEdge ABL,2013-10-01,1415
Standard ML,2013-10-01,1402
Lasso,2013-10-01,1119
Tcl,2013-10-01,1099
XML,2013-10-01,1053
AutoHotkey,2013-10-01,979
Ada,2013-10-01,941
Smalltalk,2013-10-01,891
Apex,2013-10-01,790
LiveScript,2013-10-01,782
Coq,2013-10-01,649
Eiffel,2013-10-01,617
M,2013-10-01,593
SuperCollider,2013-10-01,555
Slash,2013-10-01,550
Nimrod,2013-10-01,509
Nemerle,2013-10-01,506
XC,2013-10-01,495
Delphi,2013-10-01,415
Objective-J,2013-10-01,392
XQuery,2013-10-01,368
AppleScript,2013-10-01,358
Parrot,2013-10-01,354
Kotlin,2013-10-01,350
Gosu,2013-10-01,349
HaXe,2013-10-01,290
Awk,2013-10-01,286
Io,2013-10-01,263
Xtend,2013-10-01,252
Ceylon,2013-10-01,242
Scilab,2013-10-01,213
Pure Data,2013-10-01,208
Factor,2013-10-01,145
Squirrel,2013-10-01,110
Boo,2013-10-01,107
Bro,2013-10-01,102
Ecl,2013-10-01,88
Logtalk,2013-10-01,84
Fancy,2013-10-01,79
MoonScript,2013-10-01,76
Dylan,2013-10-01,76
ooc,2013-10-01,75
Augeas,2013-10-01,66
Arc,2013-10-01,63
Pike,2013-10-01,38
Forth,2013-10-01,38
XProc,2013-10-01,37
CLIPS,2013-10-01,37
Rebol,2013-10-01,33
Elm,2013-10-01,29
Monkey,2013-10-01,25
COBOL,2013-10-01,24
Ragel in Ruby Host,2013-10-01,23
Nu,2013-10-01,18
Fantom,2013-10-01,13
PogoScript,2013-10-01,13
Self,2013-10-01,12
Mirah,2013-10-01,12
Max,2013-10-01,12
DCPU-16 ASM,2013-10-01,7
ABAP,2013-10-01,6
Opa,2013-10-01,6
Volt,2013-10-01,4
Ioke,2013-10-01,3
Turing,2013-10-01,3
eC,2013-10-01,1
wisp,2013-10-01,1
JavaScript,2013-09-01,985001
Java,2013-09-01,530599
Ruby,2013-09-01,454233
Python,2013-09-01,449785
PHP,2013-09-01,394993
CSS,2013-09-01,312435
C++,2013-09-01,248797
C,2013-09-01,240271
Shell,2013-09-01,139595
Objective-C,2013-09-01,121519
C#,2013-09-01,100149
Scala,2013-09-01,71285
Perl,2013-09-01,48579
VimL,2013-09-01,45597
Go,2013-09-01,43499
CoffeeScript,2013-09-01,40294
Haskell,2013-09-01,22863
Emacs Lisp,2013-09-01,21089
Lua,2013-09-01,19623
Clojure,2013-09-01,18848
R,2013-09-01,15270
Puppet,2013-09-01,15014
Erlang,2013-09-01,12409
Matlab,2013-09-01,10294
Groovy,2013-09-01,9434
ActionScript,2013-09-01,8009
TypeScript,2013-09-01,7567
OCaml,2013-09-01,6499
Rust,2013-09-01,6234
XSLT,2013-09-01,4968
D,2013-09-01,4961
Arduino,2013-09-01,4916
Logos,2013-09-01,4444
Visual Basic,2013-09-01,4065
Common Lisp,2013-09-01,3772
Dart,2013-09-01,3503
PowerShell,2013-09-01,3256
Racket,2013-09-01,3104
Assembly,2013-09-01,2916
Processing,2013-09-01,2880
Julia,2013-09-01,2824
Haxe,2013-09-01,2743
Scheme,2013-09-01,2728
FORTRAN,2013-09-01,2680
Elixir,2013-09-01,2561
Delphi,2013-09-01,2473
ASP,2013-09-01,2430
ColdFusion,2013-09-01,2277
Prolog,2013-09-01,2240
F#,2013-09-01,1853
Vala,2013-09-01,1811
DOT,2013-09-01,1500
Pascal,2013-09-01,1386
VHDL,2013-09-01,1266
Verilog,2013-09-01,1257
Eiffel,2013-09-01,1035
AutoHotkey,2013-09-01,946
Tcl,2013-09-01,899
OpenEdge ABL,2013-09-01,801
XML,2013-09-01,759
Standard ML,2013-09-01,696
SuperCollider,2013-09-01,673
Smalltalk,2013-09-01,634
Lasso,2013-09-01,628
Apex,2013-09-01,612
Coq,2013-09-01,545
LiveScript,2013-09-01,497
Nemerle,2013-09-01,461
AppleScript,2013-09-01,393
Ada,2013-09-01,358
XQuery,2013-09-01,353
Slash,2013-09-01,349
M,2013-09-01,335
HaXe,2013-09-01,320
Parrot,2013-09-01,254
Kotlin,2013-09-01,254
Gosu,2013-09-01,245
Awk,2013-09-01,220
Nimrod,2013-09-01,203
Pure Data,2013-09-01,200
Objective-J,2013-09-01,196
Scilab,2013-09-01,195
Xtend,2013-09-01,175
Factor,2013-09-01,152
Ceylon,2013-09-01,142
Io,2013-09-01,131
DCPU-16 ASM,2013-09-01,123
XC,2013-09-01,117
Squirrel,2013-09-01,105
Dylan,2013-09-01,101
Logtalk,2013-09-01,96
MoonScript,2013-09-01,86
Ecl,2013-09-01,71
Opa,2013-09-01,53
XProc,2013-09-01,50
Arc,2013-09-01,42
eC,2013-09-01,38
Boo,2013-09-01,38
Augeas,2013-09-01,36
Bro,2013-09-01,33
Self,2013-09-01,33
Forth,2013-09-01,33
Pike,2013-09-01,28
Rebol,2013-09-01,26
Monkey,2013-09-01,23
Mirah,2013-09-01,21
Ragel in Ruby Host,2013-09-01,20
Fancy,2013-09-01,19
ooc,2013-09-01,17
Max,2013-09-01,13
Nu,2013-09-01,13
CLIPS,2013-09-01,9
ABAP,2013-09-01,8
PogoScript,2013-09-01,6
COBOL,2013-09-01,5
wisp,2013-09-01,3
Rouge,2013-09-01,2
Fantom,2013-09-01,1
Turing,2013-09-01,1
JavaScript,2013-08-01,1076790
Java,2013-08-01,544217
Ruby,2013-08-01,508275
Python,2013-08-01,496346
PHP,2013-08-01,414528
CSS,2013-08-01,337626
C++,2013-08-01,266029
C,2013-08-01,254928
Shell,2013-08-01,149273
Objective-C,2013-08-01,126607
C#,2013-08-01,106279
Scala,2013-08-01,88650
VimL,2013-08-01,53198
Perl,2013-08-01,50775
Go,2013-08-01,47786
CoffeeScript,2013-08-01,43074
Haskell,2013-08-01,22827
Emacs Lisp,2013-08-01,22058
Clojure,2013-08-01,20984
Lua,2013-08-01,20603
Erlang,2013-08-01,15711
R,2013-08-01,15566
Puppet,2013-08-01,13935
Groovy,2013-08-01,10236
ActionScript,2013-08-01,9431
Matlab,2013-08-01,9430
TypeScript,2013-08-01,8036
Rust,2013-08-01,7270
OCaml,2013-08-01,6989
D,2013-08-01,5962
XSLT,2013-08-01,5456
Arduino,2013-08-01,4335
Common Lisp,2013-08-01,4174
Scheme,2013-08-01,4041
Logos,2013-08-01,3844
PowerShell,2013-08-01,3690
Visual Basic,2013-08-01,3678
Elixir,2013-08-01,3589
Julia,2013-08-01,3533
Delphi,2013-08-01,3337
FORTRAN,2013-08-01,3321
Dart,2013-08-01,3245
Haxe,2013-08-01,3214
Assembly,2013-08-01,2853
Processing,2013-08-01,2780
Racket,2013-08-01,2501
ASP,2013-08-01,2359
Prolog,2013-08-01,2173
ColdFusion,2013-08-01,1938
F#,2013-08-01,1733
Vala,2013-08-01,1552
Verilog,2013-08-01,1370
DOT,2013-08-01,1260
LiveScript,2013-08-01,1126
XML,2013-08-01,1092
AutoHotkey,2013-08-01,1028
Tcl,2013-08-01,967
VHDL,2013-08-01,951
Apex,2013-08-01,940
Coq,2013-08-01,854
OpenEdge ABL,2013-08-01,710
Smalltalk,2013-08-01,632
Lasso,2013-08-01,581
Standard ML,2013-08-01,580
SuperCollider,2013-08-01,564
Eiffel,2013-08-01,556
Ada,2013-08-01,427
M,2013-08-01,362
Objective-J,2013-08-01,362
Kotlin,2013-08-01,355
Slash,2013-08-01,346
Dylan,2013-08-01,344
Nemerle,2013-08-01,340
XQuery,2013-08-01,336
Nimrod,2013-08-01,335
Gosu,2013-08-01,302
HaXe,2013-08-01,256
AppleScript,2013-08-01,251
Pure Data,2013-08-01,241
Factor,2013-08-01,221
Awk,2013-08-01,194
Xtend,2013-08-01,179
Parrot,2013-08-01,161
ooc,2013-08-01,161
Io,2013-08-01,159
Augeas,2013-08-01,109
Scilab,2013-08-01,95
Rebol,2013-08-01,91
Ceylon,2013-08-01,80
Ecl,2013-08-01,73
Arc,2013-08-01,73
MoonScript,2013-08-01,64
Logtalk,2013-08-01,64
Bro,2013-08-01,64
Mirah,2013-08-01,55
XProc,2013-08-01,54
Monkey,2013-08-01,52
XC,2013-08-01,48
Boo,2013-08-01,45
CLIPS,2013-08-01,27
DCPU-16 ASM,2013-08-01,26
wisp,2013-08-01,25
Forth,2013-08-01,23
eC,2013-08-01,17
Ragel in Ruby Host,2013-08-01,17
Nu,2013-08-01,13
Max,2013-08-01,10
PogoScript,2013-08-01,9
ABAP,2013-08-01,8
Fancy,2013-08-01,8
Pike,2013-08-01,6
Self,2013-08-01,4
Rouge,2013-08-01,4
Omgrofl,2013-08-01,3
Opa,2013-08-01,3
Turing,2013-08-01,2
Fantom,2013-08-01,2
JavaScript,2013-07-01,1280714
Java,2013-07-01,557929
Ruby,2013-07-01,553155
Python,2013-07-01,519832
PHP,2013-07-01,438145
C++,2013-07-01,272124
C,2013-07-01,240419
Shell,2013-07-01,155360
Objective-C,2013-07-01,132089
C#,2013-07-01,106643
Perl,2013-07-01,53096
VimL,2013-07-01,51203
CoffeeScript,2013-07-01,42272
Go,2013-07-01,41540
Scala,2013-07-01,37948
Clojure,2013-07-01,21716
Haskell,2013-07-01,20389
Emacs Lisp,2013-07-01,20254
Lua,2013-07-01,19789
R,2013-07-01,14786
Puppet,2013-07-01,14138
Erlang,2013-07-01,11663
CSS,2013-07-01,11153
Groovy,2013-07-01,10896
ActionScript,2013-07-01,10320
Matlab,2013-07-01,9644
TypeScript,2013-07-01,8194
Scheme,2013-07-01,7125
Rust,2013-07-01,6290
OCaml,2013-07-01,5642
XSLT,2013-07-01,4993
Arduino,2013-07-01,4893
D,2013-07-01,4700
Dart,2013-07-01,4562
Julia,2013-07-01,4100
Common Lisp,2013-07-01,4082
Logos,2013-07-01,3933
Visual Basic,2013-07-01,3742
Elixir,2013-07-01,3621
Delphi,2013-07-01,3497
Haxe,2013-07-01,3482
FORTRAN,2013-07-01,3306
PowerShell,2013-07-01,2996
ASP,2013-07-01,2948
Racket,2013-07-01,2746
Vala,2013-07-01,2704
Assembly,2013-07-01,2688
Processing,2013-07-01,2647
Prolog,2013-07-01,2481
F#,2013-07-01,2265
ColdFusion,2013-07-01,2232
DOT,2013-07-01,1527
XML,2013-07-01,1513
Verilog,2013-07-01,1335
VHDL,2013-07-01,1289
OpenEdge ABL,2013-07-01,1174
Tcl,2013-07-01,1054
AutoHotkey,2013-07-01,987
Smalltalk,2013-07-01,972
SuperCollider,2013-07-01,844
Standard ML,2013-07-01,745
Lasso,2013-07-01,669
LiveScript,2013-07-01,643
Coq,2013-07-01,636
Apex,2013-07-01,627
Ada,2013-07-01,623
Pure Data,2013-07-01,575
Nimrod,2013-07-01,464
Dylan,2013-07-01,458
Objective-J,2013-07-01,380
M,2013-07-01,340
Nemerle,2013-07-01,330
AppleScript,2013-07-01,310
Kotlin,2013-07-01,308
HaXe,2013-07-01,303
Factor,2013-07-01,302
Eiffel,2013-07-01,244
XQuery,2013-07-01,242
Xtend,2013-07-01,230
Slash,2013-07-01,220
Gosu,2013-07-01,207
Scilab,2013-07-01,200
Parrot,2013-07-01,180
XProc,2013-07-01,175
Arc,2013-07-01,162
Io,2013-07-01,151
Awk,2013-07-01,116
Rebol,2013-07-01,112
ooc,2013-07-01,108
XC,2013-07-01,94
Ragel in Ruby Host,2013-07-01,84
Forth,2013-07-01,83
CLIPS,2013-07-01,81
MoonScript,2013-07-01,78
Ceylon,2013-07-01,71
Max,2013-07-01,61
Augeas,2013-07-01,55
Boo,2013-07-01,47
Turing,2013-07-01,38
Fancy,2013-07-01,31
Pike,2013-07-01,30
DCPU-16 ASM,2013-07-01,28
Bro,2013-07-01,28
Ecl,2013-07-01,23
eC,2013-07-01,23
PogoScript,2013-07-01,22
Logtalk,2013-07-01,19
Mirah,2013-07-01,13
Monkey,2013-07-01,13
ABAP,2013-07-01,10
Nu,2013-07-01,10
wisp,2013-07-01,6
Opa,2013-07-01,6
Self,2013-07-01,4
Ioke,2013-07-01,1
JavaScript,2013-06-01,1105998
Java,2013-06-01,540621
Ruby,2013-06-01,492983
Python,2013-06-01,449336
PHP,2013-06-01,398209
C++,2013-06-01,245909
C,2013-06-01,233957
Shell,2013-06-01,133322
Objective-C,2013-06-01,115274
C#,2013-06-01,102143
Perl,2013-06-01,50768
VimL,2013-06-01,43763
CoffeeScript,2013-06-01,38128
Go,2013-06-01,35693
Scala,2013-06-01,33676
Clojure,2013-06-01,20243
Haskell,2013-06-01,19251
Lua,2013-06-01,19063
Emacs Lisp,2013-06-01,18068
R,2013-06-01,13693
Puppet,2013-06-01,12351
Erlang,2013-06-01,11551
Groovy,2013-06-01,10650
Matlab,2013-06-01,9909
ActionScript,2013-06-01,9240
Prolog,2013-06-01,7363
TypeScript,2013-06-01,7263
OCaml,2013-06-01,6463
Logos,2013-06-01,5395
Rust,2013-06-01,5352
Common Lisp,2013-06-01,5147
D,2013-06-01,5018
Dart,2013-06-01,4936
Arduino,2013-06-01,4357
Julia,2013-06-01,3832
Processing,2013-06-01,3622
Delphi,2013-06-01,3621
Assembly,2013-06-01,3423
XSLT,2013-06-01,3407
Haxe,2013-06-01,3328
Visual Basic,2013-06-01,3248
Elixir,2013-06-01,3021
ASP,2013-06-01,2932
FORTRAN,2013-06-01,2916
Scheme,2013-06-01,2855
PowerShell,2013-06-01,2852
Racket,2013-06-01,2607
ColdFusion,2013-06-01,2594
F#,2013-06-01,2381
XML,2013-06-01,2258
VHDL,2013-06-01,1393
Verilog,2013-06-01,1325
DOT,2013-06-01,1250
AutoHotkey,2013-06-01,916
Vala,2013-06-01,892
Lasso,2013-06-01,886
Tcl,2013-06-01,857
Apex,2013-06-01,735
Smalltalk,2013-06-01,711
Standard ML,2013-06-01,622
LiveScript,2013-06-01,608
OpenEdge ABL,2013-06-01,525
Coq,2013-06-01,497
Objective-J,2013-06-01,495
SuperCollider,2013-06-01,464
Ada,2013-06-01,378
AppleScript,2013-06-01,352
HaXe,2013-06-01,334
Pure Data,2013-06-01,316
Nimrod,2013-06-01,306
Scilab,2013-06-01,305
Eiffel,2013-06-01,264
Io,2013-06-01,256
M,2013-06-01,247
Gosu,2013-06-01,243
Parrot,2013-06-01,229
Awk,2013-06-01,213
XQuery,2013-06-01,209
Nemerle,2013-06-01,209
Xtend,2013-06-01,200
Rebol,2013-06-01,160
Boo,2013-06-01,147
Arc,2013-06-01,144
Kotlin,2013-06-01,128
Factor,2013-06-01,124
Dylan,2013-06-01,118
Ceylon,2013-06-01,116
Monkey,2013-06-01,83
CLIPS,2013-06-01,72
Augeas,2013-06-01,59
DCPU-16 ASM,2013-06-01,58
Ragel in Ruby Host,2013-06-01,55
Turing,2013-06-01,43
Forth,2013-06-01,42
MoonScript,2013-06-01,38
Max,2013-06-01,35
ooc,2013-06-01,33
Opa,2013-06-01,32
PogoScript,2013-06-01,31
XProc,2013-06-01,30
Logtalk,2013-06-01,26
Ioke,2013-06-01,24
Fancy,2013-06-01,23
Nu,2013-06-01,19
Ecl,2013-06-01,18
Pike,2013-06-01,12
eC,2013-06-01,11
Bro,2013-06-01,10
ABAP,2013-06-01,9
Mirah,2013-06-01,9
wisp,2013-06-01,7
Self,2013-06-01,2
Rouge,2013-06-01,1
JavaScript,2013-05-01,1112072
Java,2013-05-01,612133
Ruby,2013-05-01,512589
Python,2013-05-01,460485
PHP,2013-05-01,425306
C++,2013-05-01,288467
C,2013-05-01,248942
Shell,2013-05-01,140744
Objective-C,2013-05-01,127065
C#,2013-05-01,114427
Perl,2013-05-01,52329
VimL,2013-05-01,45932
CoffeeScript,2013-05-01,40353
Scala,2013-05-01,35411
Go,2013-05-01,34766
Clojure,2013-05-01,21689
Emacs Lisp,2013-05-01,21438
Lua,2013-05-01,19440
Haskell,2013-05-01,19427
R,2013-05-01,13818
Puppet,2013-05-01,12370
Matlab,2013-05-01,11944
Erlang,2013-05-01,11925
Standard ML,2013-05-01,11617
ActionScript,2013-05-01,10458
Groovy,2013-05-01,10371
Haxe,2013-05-01,7644
TypeScript,2013-05-01,7521
Rust,2013-05-01,6479
Logos,2013-05-01,6455
OCaml,2013-05-01,6120
XML,2013-05-01,5492
Arduino,2013-05-01,4907
D,2013-05-01,4649
Common Lisp,2013-05-01,4348
Dart,2013-05-01,4189
Assembly,2013-05-01,3993
Julia,2013-05-01,3748
Delphi,2013-05-01,3742
ASP,2013-05-01,3340
Scheme,2013-05-01,3331
Visual Basic,2013-05-01,3256
Processing,2013-05-01,3082
FORTRAN,2013-05-01,2978
PowerShell,2013-05-01,2738
Racket,2013-05-01,2723
ColdFusion,2013-05-01,2432
Prolog,2013-05-01,2401
F#,2013-05-01,2129
VHDL,2013-05-01,2044
Elixir,2013-05-01,1792
Verilog,2013-05-01,1455
DOT,2013-05-01,1386
Vala,2013-05-01,1345
Coq,2013-05-01,1220
Tcl,2013-05-01,984
Lasso,2013-05-01,953
Smalltalk,2013-05-01,945
AutoHotkey,2013-05-01,755
SuperCollider,2013-05-01,753
Apex,2013-05-01,683
LiveScript,2013-05-01,617
Ada,2013-05-01,525
Pure Data,2013-05-01,497
Objective-J,2013-05-01,467
OpenEdge ABL,2013-05-01,446
HaXe,2013-05-01,445
Nimrod,2013-05-01,368
Eiffel,2013-05-01,327
AppleScript,2013-05-01,323
Nemerle,2013-05-01,288
Awk,2013-05-01,269
Factor,2013-05-01,253
XQuery,2013-05-01,233
Scilab,2013-05-01,222
Kotlin,2013-05-01,203
Io,2013-05-01,196
Parrot,2013-05-01,169
Logtalk,2013-05-01,148
Xtend,2013-05-01,136
Gosu,2013-05-01,125
ooc,2013-05-01,120
DCPU-16 ASM,2013-05-01,113
Dylan,2013-05-01,99
Rebol,2013-05-01,91
Augeas,2013-05-01,88
Ceylon,2013-05-01,80
Boo,2013-05-01,75
Monkey,2013-05-01,70
Arc,2013-05-01,67
Turing,2013-05-01,61
MoonScript,2013-05-01,53
Ecl,2013-05-01,45
Max,2013-05-01,38
Forth,2013-05-01,32
Fancy,2013-05-01,27
PogoScript,2013-05-01,20
Ragel in Ruby Host,2013-05-01,16
CLIPS,2013-05-01,15
Nu,2013-05-01,15
Opa,2013-05-01,14
Bro,2013-05-01,14
eC,2013-05-01,7
Pike,2013-05-01,7
Fantom,2013-05-01,6
Mirah,2013-05-01,5
ABAP,2013-05-01,4
Omgrofl,2013-05-01,3
Self,2013-05-01,3
Rouge,2013-05-01,2
Ioke,2013-05-01,1
JavaScript,2013-04-01,1072946
Java,2013-04-01,601827
Ruby,2013-04-01,508725
Python,2013-04-01,452390
PHP,2013-04-01,419640
C++,2013-04-01,272242
C,2013-04-01,246147
Shell,2013-04-01,129844
Objective-C,2013-04-01,128121
C#,2013-04-01,108351
Perl,2013-04-01,51180
VimL,2013-04-01,49632
CoffeeScript,2013-04-01,43409
Scala,2013-04-01,35260
Go,2013-04-01,29534
Emacs Lisp,2013-04-01,22891
Lua,2013-04-01,20925
Clojure,2013-04-01,20096
Haskell,2013-04-01,19008
Matlab,2013-04-01,13681
R,2013-04-01,13224
Erlang,2013-04-01,12606
Puppet,2013-04-01,12087
ActionScript,2013-04-01,10716
Groovy,2013-04-01,10615
Standard ML,2013-04-01,6877
TypeScript,2013-04-01,6674
XML,2013-04-01,5956
OCaml,2013-04-01,5382
Logos,2013-04-01,5381
Dart,2013-04-01,5271
Arduino,2013-04-01,4916
Rust,2013-04-01,4629
Common Lisp,2013-04-01,4401
Julia,2013-04-01,4095
ASP,2013-04-01,4055
Processing,2013-04-01,3845
D,2013-04-01,3773
Assembly,2013-04-01,3704
Scheme,2013-04-01,3682
Visual Basic,2013-04-01,3466
Haxe,2013-04-01,3366
Delphi,2013-04-01,3100
ColdFusion,2013-04-01,2734
FORTRAN,2013-04-01,2554
Racket,2013-04-01,2487
PowerShell,2013-04-01,2446
F#,2013-04-01,2276
Verilog,2013-04-01,2139
VHDL,2013-04-01,1995
Prolog,2013-04-01,1856
DOT,2013-04-01,1598
Coq,2013-04-01,1394
Elixir,2013-04-01,1061
Smalltalk,2013-04-01,1050
Lasso,2013-04-01,960
Vala,2013-04-01,955
Factor,2013-04-01,765
Eiffel,2013-04-01,680
Tcl,2013-04-01,675
AutoHotkey,2013-04-01,661
Apex,2013-04-01,650
Ada,2013-04-01,642
LiveScript,2013-04-01,631
OpenEdge ABL,2013-04-01,530
Objective-J,2013-04-01,527
HaXe,2013-04-01,497
SuperCollider,2013-04-01,473
AppleScript,2013-04-01,389
Pure Data,2013-04-01,344
Kotlin,2013-04-01,318
XQuery,2013-04-01,292
DCPU-16 ASM,2013-04-01,248
Nemerle,2013-04-01,230
Nimrod,2013-04-01,216
PogoScript,2013-04-01,202
Awk,2013-04-01,182
Parrot,2013-04-01,175
Gosu,2013-04-01,174
Nu,2013-04-01,161
Dylan,2013-04-01,158
Io,2013-04-01,133
MoonScript,2013-04-01,126
Arc,2013-04-01,121
Xtend,2013-04-01,118
Scilab,2013-04-01,108
Boo,2013-04-01,99
Ceylon,2013-04-01,95
ooc,2013-04-01,94
Ragel in Ruby Host,2013-04-01,65
Augeas,2013-04-01,61
Logtalk,2013-04-01,59
Monkey,2013-04-01,56
Turing,2013-04-01,51
CLIPS,2013-04-01,43
Rebol,2013-04-01,41
Fantom,2013-04-01,36
Ecl,2013-04-01,35
Pike,2013-04-01,28
Bro,2013-04-01,20
Forth,2013-04-01,18
Opa,2013-04-01,15
Max,2013-04-01,11
Rouge,2013-04-01,11
ABAP,2013-04-01,10
Ioke,2013-04-01,9
Fancy,2013-04-01,7
Self,2013-04-01,5
Mirah,2013-04-01,5
eC,2013-04-01,3
JavaScript,2013-03-01,1046422
Java,2013-03-01,567670
Ruby,2013-03-01,496942
Python,2013-03-01,431464
PHP,2013-03-01,408831
C,2013-03-01,240929
C++,2013-03-01,232158
Objective-C,2013-03-01,153740
Shell,2013-03-01,124105
C#,2013-03-01,97433
Perl,2013-03-01,51682
VimL,2013-03-01,48986
CoffeeScript,2013-03-01,39146
Scala,2013-03-01,31338
Go,2013-03-01,26720
Clojure,2013-03-01,22069
Emacs Lisp,2013-03-01,21992
Haskell,2013-03-01,20825
Lua,2013-03-01,20033
Erlang,2013-03-01,12963
R,2013-03-01,12217
Matlab,2013-03-01,11776
Puppet,2013-03-01,11079
ActionScript,2013-03-01,10359
Groovy,2013-03-01,10138
OCaml,2013-03-01,5593
D,2013-03-01,4542
XML,2013-03-01,4456
Common Lisp,2013-03-01,4129
Dart,2013-03-01,4104
Rust,2013-03-01,4073
TypeScript,2013-03-01,3956
Julia,2013-03-01,3921
Arduino,2013-03-01,3842
Scheme,2013-03-01,3763
Assembly,2013-03-01,3336
Delphi,2013-03-01,3288
Logos,2013-03-01,3211
Visual Basic,2013-03-01,3073
ASP,2013-03-01,2740
Racket,2013-03-01,2721
PowerShell,2013-03-01,2601
F#,2013-03-01,2180
FORTRAN,2013-03-01,2129
ColdFusion,2013-03-01,2076
Verilog,2013-03-01,1922
Prolog,2013-03-01,1901
Haxe,2013-03-01,1689
VHDL,2013-03-01,1683
Lasso,2013-03-01,1641
HaXe,2013-03-01,1495
Processing,2013-03-01,1238
Elixir,2013-03-01,906
Vala,2013-03-01,896
Smalltalk,2013-03-01,891
Tcl,2013-03-01,879
Factor,2013-03-01,850
Objective-J,2013-03-01,835
DOT,2013-03-01,678
Standard ML,2013-03-01,652
Apex,2013-03-01,635
Eiffel,2013-03-01,573
AutoHotkey,2013-03-01,560
Coq,2013-03-01,504
OpenEdge ABL,2013-03-01,492
LiveScript,2013-03-01,435
Ada,2013-03-01,428
ooc,2013-03-01,428
XQuery,2013-03-01,370
AppleScript,2013-03-01,356
Nemerle,2013-03-01,309
Kotlin,2013-03-01,294
Pure Data,2013-03-01,289
Dylan,2013-03-01,280
SuperCollider,2013-03-01,274
Parrot,2013-03-01,218
Gosu,2013-03-01,192
Nimrod,2013-03-01,191
DCPU-16 ASM,2013-03-01,174
Io,2013-03-01,163
Scilab,2013-03-01,162
Logtalk,2013-03-01,152
Ceylon,2013-03-01,150
Xtend,2013-03-01,148
Awk,2013-03-01,128
Arc,2013-03-01,110
CLIPS,2013-03-01,92
Boo,2013-03-01,85
Rebol,2013-03-01,84
Monkey,2013-03-01,76
Augeas,2013-03-01,55
Bro,2013-03-01,37
Fantom,2013-03-01,32
Turing,2013-03-01,28
Fancy,2013-03-01,20
eC,2013-03-01,20
Ioke,2013-03-01,17
Nu,2013-03-01,16
Ecl,2013-03-01,14
Forth,2013-03-01,11
PogoScript,2013-03-01,10
Mirah,2013-03-01,9
Pike,2013-03-01,9
Max,2013-03-01,8
Self,2013-03-01,8
Opa,2013-03-01,4
ABAP,2013-03-01,4
Ragel in Ruby Host,2013-03-01,3
TXL,2013-03-01,1
JavaScript,2013-02-01,803508
Java,2013-02-01,404202
Ruby,2013-02-01,382810
Python,2013-02-01,330346
PHP,2013-02-01,322497
C,2013-02-01,192886
C++,2013-02-01,191478
Objective-C,2013-02-01,105880
Shell,2013-02-01,100567
C#,2013-02-01,74552
Perl,2013-02-01,42377
VimL,2013-02-01,38197
CoffeeScript,2013-02-01,32453
Scala,2013-02-01,28194
Emacs Lisp,2013-02-01,17579
Haskell,2013-02-01,15604
Go,2013-02-01,14659
Lua,2013-02-01,14103
Clojure,2013-02-01,12981
Nemerle,2013-02-01,10273
Erlang,2013-02-01,9669
Groovy,2013-02-01,9252
R,2013-02-01,8772
ActionScript,2013-02-01,8145
Puppet,2013-02-01,7672
Matlab,2013-02-01,6174
OCaml,2013-02-01,4474
D,2013-02-01,4313
Rust,2013-02-01,3632
Common Lisp,2013-02-01,3302
Dart,2013-02-01,3191
Arduino,2013-02-01,2570
Julia,2013-02-01,2526
Assembly,2013-02-01,2492
Racket,2013-02-01,2409
Visual Basic,2013-02-01,2383
Delphi,2013-02-01,2271
Scheme,2013-02-01,1935
ColdFusion,2013-02-01,1819
HaXe,2013-02-01,1737
F#,2013-02-01,1649
FORTRAN,2013-02-01,1592
PowerShell,2013-02-01,1552
ASP,2013-02-01,1507
Prolog,2013-02-01,1376
Objective-J,2013-02-01,1027
Elixir,2013-02-01,1020
VHDL,2013-02-01,918
Verilog,2013-02-01,879
Tcl,2013-02-01,807
Smalltalk,2013-02-01,767
OpenEdge ABL,2013-02-01,653
Vala,2013-02-01,565
Coq,2013-02-01,532
Apex,2013-02-01,479
Standard ML,2013-02-01,441
Ada,2013-02-01,383
Kotlin,2013-02-01,362
XQuery,2013-02-01,340
AutoHotkey,2013-02-01,310
Parrot,2013-02-01,280
Eiffel,2013-02-01,226
ooc,2013-02-01,219
Pure Data,2013-02-01,215
AppleScript,2013-02-01,211
Ceylon,2013-02-01,206
Factor,2013-02-01,173
DCPU-16 ASM,2013-02-01,170
Io,2013-02-01,167
Scilab,2013-02-01,155
Arc,2013-02-01,129
SuperCollider,2013-02-01,120
Gosu,2013-02-01,117
Dylan,2013-02-01,116
Logtalk,2013-02-01,109
Bro,2013-02-01,103
Rebol,2013-02-01,66
Boo,2013-02-01,65
Self,2013-02-01,59
Ecl,2013-02-01,50
eC,2013-02-01,42
Augeas,2013-02-01,24
Fancy,2013-02-01,18
Turing,2013-02-01,17
Ioke,2013-02-01,13
Opa,2013-02-01,11
Mirah,2013-02-01,9
Fantom,2013-02-01,9
Nu,2013-02-01,7
Max,2013-02-01,7
Nimrod,2013-02-01,4
JavaScript,2013-01-01,807302
Java,2013-01-01,425197
Ruby,2013-01-01,393358
PHP,2013-01-01,345496
Python,2013-01-01,332966
C,2013-01-01,200895
C++,2013-01-01,186133
Objective-C,2013-01-01,120689
Shell,2013-01-01,103241
C#,2013-01-01,72805
Perl,2013-01-01,41202
VimL,2013-01-01,38455
Scala,2013-01-01,31129
CoffeeScript,2013-01-01,29804
Emacs Lisp,2013-01-01,19295
Go,2013-01-01,17790
Lua,2013-01-01,17012
Haskell,2013-01-01,16576
Clojure,2013-01-01,15329
Erlang,2013-01-01,11343
ActionScript,2013-01-01,10099
Groovy,2013-01-01,9421
R,2013-01-01,8741
Puppet,2013-01-01,7318
Matlab,2013-01-01,6739
OCaml,2013-01-01,4600
D,2013-01-01,4001
Common Lisp,2013-01-01,3458
Dart,2013-01-01,2955
Arduino,2013-01-01,2895
Rust,2013-01-01,2702
Racket,2013-01-01,2610
Julia,2013-01-01,2607
Delphi,2013-01-01,2377
Assembly,2013-01-01,2153
FORTRAN,2013-01-01,1941
Visual Basic,2013-01-01,1905
HaXe,2013-01-01,1860
Prolog,2013-01-01,1775
PowerShell,2013-01-01,1775
Scheme,2013-01-01,1749
ASP,2013-01-01,1582
ColdFusion,2013-01-01,1514
F#,2013-01-01,1335
Elixir,2013-01-01,985
Smalltalk,2013-01-01,911
Objective-J,2013-01-01,884
Tcl,2013-01-01,818
Verilog,2013-01-01,773
VHDL,2013-01-01,683
OpenEdge ABL,2013-01-01,630
Vala,2013-01-01,628
Standard ML,2013-01-01,428
Apex,2013-01-01,385
AppleScript,2013-01-01,377
Ada,2013-01-01,364
XQuery,2013-01-01,333
Coq,2013-01-01,320
Scilab,2013-01-01,315
AutoHotkey,2013-01-01,305
Kotlin,2013-01-01,297
Parrot,2013-01-01,229
Eiffel,2013-01-01,218
DCPU-16 ASM,2013-01-01,189
Factor,2013-01-01,177
Nemerle,2013-01-01,162
Pure Data,2013-01-01,133
ooc,2013-01-01,126
Boo,2013-01-01,109
Gosu,2013-01-01,105
Augeas,2013-01-01,100
Io,2013-01-01,83
Dylan,2013-01-01,82
Rebol,2013-01-01,79
Logtalk,2013-01-01,78
Max,2013-01-01,73
Self,2013-01-01,66
SuperCollider,2013-01-01,62
Turing,2013-01-01,61
Ceylon,2013-01-01,44
Mirah,2013-01-01,36
Opa,2013-01-01,30
Arc,2013-01-01,21
Ioke,2013-01-01,15
Bro,2013-01-01,14
Fancy,2013-01-01,13
Ecl,2013-01-01,12
Nimrod,2013-01-01,12
eC,2013-01-01,6
Nu,2013-01-01,4
Fantom,2013-01-01,1
Max/MSP,2013-01-01,1
JavaScript,2012-12-01,688331
Java,2012-12-01,388063
Ruby,2012-12-01,366612
Python,2012-12-01,304998
PHP,2012-12-01,295734
C,2012-12-01,182046
C++,2012-12-01,169299
Objective-C,2012-12-01,93535
Shell,2012-12-01,90186
C#,2012-12-01,71854
Perl,2012-12-01,36652
VimL,2012-12-01,34146
Scala,2012-12-01,26061
CoffeeScript,2012-12-01,25762
Go,2012-12-01,17072
Haskell,2012-12-01,16907
Lua,2012-12-01,16689
Emacs Lisp,2012-12-01,16026
Clojure,2012-12-01,13467
Erlang,2012-12-01,9513
ActionScript,2012-12-01,8734
R,2012-12-01,8314
Groovy,2012-12-01,7833
Puppet,2012-12-01,6599
OCaml,2012-12-01,5539
Matlab,2012-12-01,4271
Common Lisp,2012-12-01,3478
D,2012-12-01,3294
Arduino,2012-12-01,2949
Julia,2012-12-01,2674
Delphi,2012-12-01,2394
Scheme,2012-12-01,2295
Rust,2012-12-01,2190
Racket,2012-12-01,2184
Assembly,2012-12-01,2145
Dart,2012-12-01,2140
F#,2012-12-01,1939
Visual Basic,2012-12-01,1928
ColdFusion,2012-12-01,1878
FORTRAN,2012-12-01,1689
ASP,2012-12-01,1661
PowerShell,2012-12-01,1528
HaXe,2012-12-01,1453
Prolog,2012-12-01,1122
Verilog,2012-12-01,775
VHDL,2012-12-01,728
Elixir,2012-12-01,696
Tcl,2012-12-01,662
Standard ML,2012-12-01,595
OpenEdge ABL,2012-12-01,579
Vala,2012-12-01,533
Smalltalk,2012-12-01,518
Coq,2012-12-01,378
Objective-J,2012-12-01,378
Eiffel,2012-12-01,363
AppleScript,2012-12-01,358
Apex,2012-12-01,339
AutoHotkey,2012-12-01,334
ooc,2012-12-01,331
Ada,2012-12-01,329
Dylan,2012-12-01,229
DCPU-16 ASM,2012-12-01,220
XQuery,2012-12-01,216
Kotlin,2012-12-01,185
Pure Data,2012-12-01,174
Scilab,2012-12-01,159
Parrot,2012-12-01,153
Logtalk,2012-12-01,140
Augeas,2012-12-01,133
Factor,2012-12-01,104
Gosu,2012-12-01,99
Nemerle,2012-12-01,86
SuperCollider,2012-12-01,78
Io,2012-12-01,76
Boo,2012-12-01,75
Max,2012-12-01,53
Nimrod,2012-12-01,50
Arc,2012-12-01,48
Turing,2012-12-01,40
Rebol,2012-12-01,40
Ceylon,2012-12-01,40
Ecl,2012-12-01,36
Mirah,2012-12-01,34
Fancy,2012-12-01,30
Self,2012-12-01,29
Opa,2012-12-01,21
Ioke,2012-12-01,14
Nu,2012-12-01,14
Bro,2012-12-01,3
Fantom,2012-12-01,3
eC,2012-12-01,1
JavaScript,2012-11-01,706356
Java,2012-11-01,403657
Ruby,2012-11-01,377546
Python,2012-11-01,317262
PHP,2012-11-01,310353
C,2012-11-01,185626
C++,2012-11-01,172708
Objective-C,2012-11-01,92340
Shell,2012-11-01,86659
C#,2012-11-01,74504
Perl,2012-11-01,41911
VimL,2012-11-01,38541
Scala,2012-11-01,25735
CoffeeScript,2012-11-01,23946
Haskell,2012-11-01,18011
Emacs Lisp,2012-11-01,16116
Go,2012-11-01,15517
Lua,2012-11-01,15423
Clojure,2012-11-01,13271
Erlang,2012-11-01,12318
ActionScript,2012-11-01,9313
Groovy,2012-11-01,8761
Puppet,2012-11-01,8060
R,2012-11-01,8053
OCaml,2012-11-01,4382
D,2012-11-01,3916
Common Lisp,2012-11-01,3831
Matlab,2012-11-01,3619
Dart,2012-11-01,3432
Racket,2012-11-01,2877
Arduino,2012-11-01,2601
Visual Basic,2012-11-01,2448
Assembly,2012-11-01,2429
ASP,2012-11-01,2188
Delphi,2012-11-01,2065
ColdFusion,2012-11-01,2040
Rust,2012-11-01,1952
HaXe,2012-11-01,1889
FORTRAN,2012-11-01,1816
F#,2012-11-01,1751
Scheme,2012-11-01,1691
PowerShell,2012-11-01,1520
Julia,2012-11-01,1494
Verilog,2012-11-01,1071
Prolog,2012-11-01,1034
VHDL,2012-11-01,996
Apex,2012-11-01,750
Elixir,2012-11-01,713
Vala,2012-11-01,667
OpenEdge ABL,2012-11-01,611
Smalltalk,2012-11-01,601
Tcl,2012-11-01,524
AutoHotkey,2012-11-01,409
Objective-J,2012-11-01,370
Coq,2012-11-01,349
Standard ML,2012-11-01,334
Eiffel,2012-11-01,306
XQuery,2012-11-01,266
Dylan,2012-11-01,196
SuperCollider,2012-11-01,194
Pure Data,2012-11-01,189
Ada,2012-11-01,172
Parrot,2012-11-01,170
Boo,2012-11-01,169
AppleScript,2012-11-01,160
DCPU-16 ASM,2012-11-01,159
Kotlin,2012-11-01,145
ooc,2012-11-01,137
Logtalk,2012-11-01,110
Scilab,2012-11-01,107
Arc,2012-11-01,89
Nemerle,2012-11-01,83
Nu,2012-11-01,82
Factor,2012-11-01,80
Rebol,2012-11-01,75
Augeas,2012-11-01,65
Io,2012-11-01,57
Opa,2012-11-01,52
Ceylon,2012-11-01,41
Gosu,2012-11-01,35
Nimrod,2012-11-01,28
Bro,2012-11-01,24
Max,2012-11-01,23
Ecl,2012-11-01,22
Ioke,2012-11-01,18
Self,2012-11-01,11
Fancy,2012-11-01,9
Mirah,2012-11-01,9
Turing,2012-11-01,4
Fantom,2012-11-01,2
eC,2012-11-01,2
JavaScript,2012-10-01,700321
Java,2012-10-01,389774
Ruby,2012-10-01,382464
Python,2012-10-01,318922
PHP,2012-10-01,298242
C,2012-10-01,186208
C++,2012-10-01,162767
Objective-C,2012-10-01,87037
Shell,2012-10-01,85943
C#,2012-10-01,68838
Perl,2012-10-01,41026
VimL,2012-10-01,37763
Scala,2012-10-01,23717
CoffeeScript,2012-10-01,23084
Go,2012-10-01,17316
Emacs Lisp,2012-10-01,16758
Clojure,2012-10-01,15144
Haskell,2012-10-01,14884
Lua,2012-10-01,14045
Erlang,2012-10-01,10695
Puppet,2012-10-01,8407
ActionScript,2012-10-01,8332
Groovy,2012-10-01,8189
R,2012-10-01,7787
D,2012-10-01,5065
OCaml,2012-10-01,4503
Common Lisp,2012-10-01,4060
Dart,2012-10-01,3171
Matlab,2012-10-01,2962
Arduino,2012-10-01,2435
Visual Basic,2012-10-01,2429
Assembly,2012-10-01,2371
Rust,2012-10-01,2304
HaXe,2012-10-01,2303
Delphi,2012-10-01,2254
Scheme,2012-10-01,2064
Racket,2012-10-01,2050
FORTRAN,2012-10-01,1923
ASP,2012-10-01,1827
PowerShell,2012-10-01,1818
ColdFusion,2012-10-01,1593
F#,2012-10-01,1587
Julia,2012-10-01,1247
Prolog,2012-10-01,1231
Elixir,2012-10-01,1030
Verilog,2012-10-01,1025
VHDL,2012-10-01,676
OpenEdge ABL,2012-10-01,638
Vala,2012-10-01,512
Coq,2012-10-01,489
AutoHotkey,2012-10-01,465
Smalltalk,2012-10-01,460
Tcl,2012-10-01,454
Apex,2012-10-01,430
Factor,2012-10-01,383
Standard ML,2012-10-01,294
Objective-J,2012-10-01,247
Eiffel,2012-10-01,237
Parrot,2012-10-01,232
Ada,2012-10-01,221
DCPU-16 ASM,2012-10-01,195
Pure Data,2012-10-01,192
AppleScript,2012-10-01,173
SuperCollider,2012-10-01,158
Kotlin,2012-10-01,151
Opa,2012-10-01,148
XQuery,2012-10-01,138
Nemerle,2012-10-01,136
Scilab,2012-10-01,103
Logtalk,2012-10-01,96
Dylan,2012-10-01,91
Boo,2012-10-01,85
Gosu,2012-10-01,64
Nu,2012-10-01,59
Io,2012-10-01,48
Ceylon,2012-10-01,47
Augeas,2012-10-01,46
Ecl,2012-10-01,46
Nimrod,2012-10-01,43
Fancy,2012-10-01,40
Rebol,2012-10-01,38
Bro,2012-10-01,32
Max,2012-10-01,29
Turing,2012-10-01,27
Arc,2012-10-01,26
Ioke,2012-10-01,26
Fantom,2012-10-01,10
ooc,2012-10-01,8
Mirah,2012-10-01,6
Self,2012-10-01,2
JavaScript,2012-09-01,837967
Ruby,2012-09-01,457201
Java,2012-09-01,413953
Python,2012-09-01,382658
PHP,2012-09-01,367453
C,2012-09-01,214866
C++,2012-09-01,191490
Objective-C,2012-09-01,103023
Shell,2012-09-01,100725
C#,2012-09-01,80334
Perl,2012-09-01,63455
VimL,2012-09-01,52538
CoffeeScript,2012-09-01,29442
Scala,2012-09-01,29268
Emacs Lisp,2012-09-01,23091
Lua,2012-09-01,22951
Go,2012-09-01,20304
Haskell,2012-09-01,18959
Clojure,2012-09-01,16681
ActionScript,2012-09-01,10699
Erlang,2012-09-01,10186
R,2012-09-01,9129
Groovy,2012-09-01,8992
Puppet,2012-09-01,8182
OCaml,2012-09-01,5126
D,2012-09-01,4277
Common Lisp,2012-09-01,4240
Arduino,2012-09-01,3491
Matlab,2012-09-01,3308
Visual Basic,2012-09-01,3116
Rust,2012-09-01,2858
Delphi,2012-09-01,2576
Dart,2012-09-01,2494
ColdFusion,2012-09-01,2327
Scheme,2012-09-01,2200
Assembly,2012-09-01,2014
HaXe,2012-09-01,1959
Racket,2012-09-01,1771
FORTRAN,2012-09-01,1757
PowerShell,2012-09-01,1704
ASP,2012-09-01,1632
Prolog,2012-09-01,1356
F#,2012-09-01,1344
Julia,2012-09-01,1248
Elixir,2012-09-01,1110
Factor,2012-09-01,1052
Vala,2012-09-01,913
Smalltalk,2012-09-01,882
Verilog,2012-09-01,855
VHDL,2012-09-01,847
OpenEdge ABL,2012-09-01,820
Tcl,2012-09-01,647
Apex,2012-09-01,606
Coq,2012-09-01,522
Objective-J,2012-09-01,470
AutoHotkey,2012-09-01,465
Nemerle,2012-09-01,392
Parrot,2012-09-01,337
XQuery,2012-09-01,316
Standard ML,2012-09-01,315
Scilab,2012-09-01,249
Dylan,2012-09-01,239
Rebol,2012-09-01,205
Eiffel,2012-09-01,189
Pure Data,2012-09-01,188
Ada,2012-09-01,179
Kotlin,2012-09-01,167
AppleScript,2012-09-01,162
SuperCollider,2012-09-01,151
DCPU-16 ASM,2012-09-01,125
Nu,2012-09-01,99
Fancy,2012-09-01,79
Logtalk,2012-09-01,78
Io,2012-09-01,58
Gosu,2012-09-01,55
Nimrod,2012-09-01,51
Arc,2012-09-01,48
Ioke,2012-09-01,46
Opa,2012-09-01,38
Fantom,2012-09-01,33
Boo,2012-09-01,27
Bro,2012-09-01,23
Ceylon,2012-09-01,23
Mirah,2012-09-01,21
Augeas,2012-09-01,19
Turing,2012-09-01,14
Max,2012-09-01,14
Ecl,2012-09-01,9
ooc,2012-09-01,2
Self,2012-09-01,1
Max/MSP,2012-09-01,1
JavaScript,2012-08-01,1699524
Ruby,2012-08-01,917982
Java,2012-08-01,826824
Python,2012-08-01,755514
PHP,2012-08-01,724100
Perl,2012-08-01,427772
C,2012-08-01,418088
C++,2012-08-01,395540
Objective-C,2012-08-01,225870
Shell,2012-08-01,193652
C#,2012-08-01,160024
VimL,2012-08-01,101630
CoffeeScript,2012-08-01,66032
Scala,2012-08-01,63674
Emacs Lisp,2012-08-01,45658
Clojure,2012-08-01,38864
Lua,2012-08-01,38448
Haskell,2012-08-01,38438
Go,2012-08-01,36036
ActionScript,2012-08-01,25204
Erlang,2012-08-01,21782
R,2012-08-01,17556
Puppet,2012-08-01,17414
Groovy,2012-08-01,16270
OCaml,2012-08-01,9052
D,2012-08-01,8510
Common Lisp,2012-08-01,7824
HaXe,2012-08-01,6726
Rust,2012-08-01,6300
Racket,2012-08-01,5716
Matlab,2012-08-01,5262
Arduino,2012-08-01,5026
ColdFusion,2012-08-01,4720
AutoHotkey,2012-08-01,4660
Delphi,2012-08-01,4648
Visual Basic,2012-08-01,4502
Dart,2012-08-01,4132
Assembly,2012-08-01,4124
Scheme,2012-08-01,4042
FORTRAN,2012-08-01,4038
ASP,2012-08-01,3296
Julia,2012-08-01,3216
F#,2012-08-01,3178
PowerShell,2012-08-01,2936
Prolog,2012-08-01,2296
Factor,2012-08-01,1826
VHDL,2012-08-01,1714
Vala,2012-08-01,1624
Apex,2012-08-01,1458
Elixir,2012-08-01,1272
Objective-J,2012-08-01,1246
Verilog,2012-08-01,1140
Nemerle,2012-08-01,1096
Tcl,2012-08-01,960
Smalltalk,2012-08-01,934
Dylan,2012-08-01,834
Standard ML,2012-08-01,786
Parrot,2012-08-01,772
Coq,2012-08-01,740
OpenEdge ABL,2012-08-01,624
ooc,2012-08-01,498
Scilab,2012-08-01,484
XQuery,2012-08-01,416
Eiffel,2012-08-01,400
Gosu,2012-08-01,358
SuperCollider,2012-08-01,354
Kotlin,2012-08-01,298
AppleScript,2012-08-01,280
Pure Data,2012-08-01,226
Nimrod,2012-08-01,222
Opa,2012-08-01,218
Ada,2012-08-01,208
Io,2012-08-01,198
Bro,2012-08-01,186
Augeas,2012-08-01,120
Boo,2012-08-01,114
Fancy,2012-08-01,108
DCPU-16 ASM,2012-08-01,104
Rebol,2012-08-01,102
Arc,2012-08-01,102
Turing,2012-08-01,86
Logtalk,2012-08-01,78
Ceylon,2012-08-01,76
Ioke,2012-08-01,76
Max,2012-08-01,46
Nu,2012-08-01,40
Fantom,2012-08-01,32
Mirah,2012-08-01,30
Self,2012-08-01,10
Max/MSP,2012-08-01,4
eC,2012-08-01,2
JavaScript,2012-07-01,1069884
Ruby,2012-07-01,637808
Java,2012-07-01,562892
Python,2012-07-01,518194
PHP,2012-07-01,494620
C,2012-07-01,294538
C++,2012-07-01,276468
Shell,2012-07-01,162394
Objective-C,2012-07-01,160130
C#,2012-07-01,110762
VimL,2012-07-01,74144
Perl,2012-07-01,68928
CoffeeScript,2012-07-01,43528
Scala,2012-07-01,40200
Emacs Lisp,2012-07-01,30368
Clojure,2012-07-01,26106
Haskell,2012-07-01,26088
Go,2012-07-01,21222
Lua,2012-07-01,20284
Erlang,2012-07-01,17268
ActionScript,2012-07-01,14604
Groovy,2012-07-01,13656
R,2012-07-01,11774
Puppet,2012-07-01,11046
D,2012-07-01,8670
Matlab,2012-07-01,6014
OCaml,2012-07-01,5844
Common Lisp,2012-07-01,4790
Rust,2012-07-01,4460
HaXe,2012-07-01,4430
Arduino,2012-07-01,3984
ColdFusion,2012-07-01,3840
ASP,2012-07-01,3664
Delphi,2012-07-01,3000
Scheme,2012-07-01,2970
Visual Basic,2012-07-01,2936
Assembly,2012-07-01,2754
FORTRAN,2012-07-01,2572
Racket,2012-07-01,1992
Julia,2012-07-01,1898
F#,2012-07-01,1796
PowerShell,2012-07-01,1714
Dart,2012-07-01,1654
Factor,2012-07-01,1432
Objective-J,2012-07-01,1418
Smalltalk,2012-07-01,1376
Prolog,2012-07-01,1370
Vala,2012-07-01,1240
Tcl,2012-07-01,960
Verilog,2012-07-01,922
Elixir,2012-07-01,866
Standard ML,2012-07-01,858
Coq,2012-07-01,732
VHDL,2012-07-01,704
AutoHotkey,2012-07-01,700
DCPU-16 ASM,2012-07-01,698
Apex,2012-07-01,662
Parrot,2012-07-01,512
Kotlin,2012-07-01,508
Nemerle,2012-07-01,504
Scilab,2012-07-01,502
SuperCollider,2012-07-01,462
Eiffel,2012-07-01,404
Nimrod,2012-07-01,392
OpenEdge ABL,2012-07-01,356
XQuery,2012-07-01,324
Ada,2012-07-01,262
Pure Data,2012-07-01,260
Opa,2012-07-01,210
Gosu,2012-07-01,156
Arc,2012-07-01,146
Augeas,2012-07-01,142
Io,2012-07-01,130
Turing,2012-07-01,128
Self,2012-07-01,76
Dylan,2012-07-01,68
Boo,2012-07-01,66
Ioke,2012-07-01,56
Ceylon,2012-07-01,26
Fancy,2012-07-01,24
Rebol,2012-07-01,22
Bro,2012-07-01,20
Nu,2012-07-01,16
ooc,2012-07-01,16
Mirah,2012-07-01,10
Fantom,2012-07-01,8
Max/MSP,2012-07-01,6
eC,2012-07-01,4
Logtalk,2012-07-01,4
JavaScript,2012-06-01,1258832
Ruby,2012-06-01,746947
Java,2012-06-01,653973
Python,2012-06-01,580134
PHP,2012-06-01,549347
C,2012-06-01,398599
C++,2012-06-01,320860
Objective-C,2012-06-01,152486
Shell,2012-06-01,148500
C#,2012-06-01,129820
Perl,2012-06-01,79690
VimL,2012-06-01,73128
Scala,2012-06-01,52267
CoffeeScript,2012-06-01,50168
Emacs Lisp,2012-06-01,31458
Haskell,2012-06-01,29187
Clojure,2012-06-01,28221
Erlang,2012-06-01,22336
Lua,2012-06-01,19026
Groovy,2012-06-01,17314
ActionScript,2012-06-01,17274
Go,2012-06-01,16345
R,2012-06-01,12730
Puppet,2012-06-01,11418
Matlab,2012-06-01,10600
D,2012-06-01,8294
Common Lisp,2012-06-01,6566
OCaml,2012-06-01,5941
HaXe,2012-06-01,4712
Rust,2012-06-01,4652
Assembly,2012-06-01,4411
Delphi,2012-06-01,4149
ColdFusion,2012-06-01,4042
Arduino,2012-06-01,3793
Visual Basic,2012-06-01,3417
FORTRAN,2012-06-01,3219
Scheme,2012-06-01,2884
PowerShell,2012-06-01,2609
VHDL,2012-06-01,2524
Racket,2012-06-01,2475
Vala,2012-06-01,2378
ASP,2012-06-01,2303
Smalltalk,2012-06-01,2302
Prolog,2012-06-01,2091
F#,2012-06-01,2035
Julia,2012-06-01,1935
Dart,2012-06-01,1802
Objective-J,2012-06-01,1557
Tcl,2012-06-01,1275
Verilog,2012-06-01,1244
Coq,2012-06-01,1229
Elixir,2012-06-01,1134
AutoHotkey,2012-06-01,809
Eiffel,2012-06-01,752
Ada,2012-06-01,738
Scilab,2012-06-01,736
Mirah,2012-06-01,643
Parrot,2012-06-01,643
Standard ML,2012-06-01,590
DCPU-16 ASM,2012-06-01,552
XQuery,2012-06-01,529
Factor,2012-06-01,522
Apex,2012-06-01,505
Kotlin,2012-06-01,408
OpenEdge ABL,2012-06-01,392
SuperCollider,2012-06-01,381
Nemerle,2012-06-01,360
Pure Data,2012-06-01,334
Nimrod,2012-06-01,244
ooc,2012-06-01,243
Io,2012-06-01,159
Rebol,2012-06-01,140
Max/MSP,2012-06-01,128
Opa,2012-06-01,127
Self,2012-06-01,124
Arc,2012-06-01,121
Turing,2012-06-01,106
Dylan,2012-06-01,99
Fancy,2012-06-01,93
Gosu,2012-06-01,71
Boo,2012-06-01,68
Ioke,2012-06-01,57
Augeas,2012-06-01,52
Bro,2012-06-01,26
Nu,2012-06-01,10
JavaScript,2012-05-01,1527927
Ruby,2012-05-01,973101
Java,2012-05-01,904101
Python,2012-05-01,732684
PHP,2012-05-01,690879
C,2012-05-01,449673
C++,2012-05-01,395853
Objective-C,2012-05-01,213576
Shell,2012-05-01,199563
C#,2012-05-01,169947
Perl,2012-05-01,104430
VimL,2012-05-01,94344
Scala,2012-05-01,66987
CoffeeScript,2012-05-01,60087
Haskell,2012-05-01,40710
Clojure,2012-05-01,37086
Emacs Lisp,2012-05-01,36285
Erlang,2012-05-01,28053
Groovy,2012-05-01,23844
ActionScript,2012-05-01,23577
Lua,2012-05-01,23376
Go,2012-05-01,21825
Matlab,2012-05-01,18069
R,2012-05-01,15366
Puppet,2012-05-01,15060
Tcl,2012-05-01,11859
D,2012-05-01,11508
OCaml,2012-05-01,10074
Common Lisp,2012-05-01,8097
Assembly,2012-05-01,6249
Delphi,2012-05-01,5064
ColdFusion,2012-05-01,5034
Scheme,2012-05-01,4986
HaXe,2012-05-01,4362
Arduino,2012-05-01,4251
Julia,2012-05-01,4011
Rust,2012-05-01,3945
FORTRAN,2012-05-01,3789
Racket,2012-05-01,3549
Visual Basic,2012-05-01,3435
PowerShell,2012-05-01,3300
Dart,2012-05-01,3249
Prolog,2012-05-01,3006
ASP,2012-05-01,2847
VHDL,2012-05-01,2772
F#,2012-05-01,2622
Smalltalk,2012-05-01,2439
Vala,2012-05-01,1755
Verilog,2012-05-01,1668
Elixir,2012-05-01,1539
Objective-J,2012-05-01,1500
Apex,2012-05-01,1353
DCPU-16 ASM,2012-05-01,1320
Standard ML,2012-05-01,1053
AutoHotkey,2012-05-01,996
Ada,2012-05-01,933
Coq,2012-05-01,885
OpenEdge ABL,2012-05-01,828
Scilab,2012-05-01,771
Parrot,2012-05-01,750
Nemerle,2012-05-01,738
Eiffel,2012-05-01,735
XQuery,2012-05-01,684
SuperCollider,2012-05-01,666
Factor,2012-05-01,666
Pure Data,2012-05-01,657
Io,2012-05-01,621
Kotlin,2012-05-01,465
Nimrod,2012-05-01,405
Dylan,2012-05-01,387
ooc,2012-05-01,363
Opa,2012-05-01,231
Boo,2012-05-01,183
Fancy,2012-05-01,165
Mirah,2012-05-01,162
Turing,2012-05-01,114
Gosu,2012-05-01,102
Arc,2012-05-01,102
Max/MSP,2012-05-01,99
Bro,2012-05-01,84
Logtalk,2012-05-01,63
Self,2012-05-01,57
Augeas,2012-05-01,51
Ioke,2012-05-01,33
Nu,2012-05-01,24
Rebol,2012-05-01,21
Fantom,2012-05-01,9
eC,2012-05-01,9
JavaScript,2012-04-01,1445823
Ruby,2012-04-01,940953
Java,2012-04-01,847644
Python,2012-04-01,710028
PHP,2012-04-01,678423
C,2012-04-01,444675
C++,2012-04-01,406302
Objective-C,2012-04-01,192171
Shell,2012-04-01,189540
C#,2012-04-01,165168
VimL,2012-04-01,103644
Perl,2012-04-01,91389
Scala,2012-04-01,58881
CoffeeScript,2012-04-01,57918
Emacs Lisp,2012-04-01,41883
Haskell,2012-04-01,40509
Clojure,2012-04-01,40077
Lua,2012-04-01,26751
ActionScript,2012-04-01,25671
Erlang,2012-04-01,25512
Go,2012-04-01,24621
Groovy,2012-04-01,20178
R,2012-04-01,16413
Matlab,2012-04-01,14880
Assembly,2012-04-01,13815
Puppet,2012-04-01,12657
D,2012-04-01,9468
OCaml,2012-04-01,8817
Common Lisp,2012-04-01,8553
Delphi,2012-04-01,5289
Scheme,2012-04-01,5223
Rust,2012-04-01,5013
Arduino,2012-04-01,4701
HaXe,2012-04-01,4668
ColdFusion,2012-04-01,3669
Visual Basic,2012-04-01,3474
FORTRAN,2012-04-01,3369
Racket,2012-04-01,3183
Verilog,2012-04-01,2943
Prolog,2012-04-01,2784
DCPU-16 ASM,2012-04-01,2661
VHDL,2012-04-01,2565
Dart,2012-04-01,2388
Objective-J,2012-04-01,2241
Tcl,2012-04-01,2094
PowerShell,2012-04-01,2064
F#,2012-04-01,1944
Elixir,2012-04-01,1836
ASP,2012-04-01,1704
Smalltalk,2012-04-01,1512
Vala,2012-04-01,1266
Standard ML,2012-04-01,1251
AutoHotkey,2012-04-01,888
Apex,2012-04-01,858
Ada,2012-04-01,843
Scilab,2012-04-01,783
SuperCollider,2012-04-01,768
Eiffel,2012-04-01,738
Coq,2012-04-01,723
XQuery,2012-04-01,519
Pure Data,2012-04-01,513
Factor,2012-04-01,507
Julia,2012-04-01,474
OpenEdge ABL,2012-04-01,459
Parrot,2012-04-01,444
Dylan,2012-04-01,408
ooc,2012-04-01,342
Io,2012-04-01,303
Kotlin,2012-04-01,300
Nemerle,2012-04-01,282
Fancy,2012-04-01,252
Arc,2012-04-01,231
Turing,2012-04-01,222
Max/MSP,2012-04-01,204
Nimrod,2012-04-01,180
Gosu,2012-04-01,159
Opa,2012-04-01,144
Boo,2012-04-01,114
Logtalk,2012-04-01,69
Rebol,2012-04-01,42
Ioke,2012-04-01,39
Mirah,2012-04-01,39
Augeas,2012-04-01,33
Self,2012-04-01,33
Nu,2012-04-01,12
Fantom,2012-04-01,9
Bro,2012-04-01,9
DCPU-16 Assembly,2012-04-01,6
Powershell,2012-04-01,6
JavaScript,2012-03-01,972438
Ruby,2012-03-01,674163
Java,2012-03-01,582723
Python,2012-03-01,499329
PHP,2012-03-01,460641
C,2012-03-01,348678
C++,2012-03-01,265203
Objective-C,2012-03-01,134451
Shell,2012-03-01,124404
C#,2012-03-01,112566
Perl,2012-03-01,69753
VimL,2012-03-01,68178
Scala,2012-03-01,40029
CoffeeScript,2012-03-01,34509
Emacs Lisp,2012-03-01,27693
Haskell,2012-03-01,26442
Clojure,2012-03-01,25311
ActionScript,2012-03-01,17727
Lua,2012-03-01,17556
Erlang,2012-03-01,16713
Go,2012-03-01,13569
Groovy,2012-03-01,13428
R,2012-03-01,11154
Puppet,2012-03-01,9276
Matlab,2012-03-01,8250
OCaml,2012-03-01,7704
D,2012-03-01,6027
Common Lisp,2012-03-01,5964
Delphi,2012-03-01,4374
Rust,2012-03-01,3951
Assembly,2012-03-01,3291
ColdFusion,2012-03-01,3267
Scheme,2012-03-01,3264
HaXe,2012-03-01,3003
Arduino,2012-03-01,2682
F#,2012-03-01,2313
Prolog,2012-03-01,2271
Verilog,2012-03-01,2148
VHDL,2012-03-01,2145
FORTRAN,2012-03-01,1956
Powershell,2012-03-01,1947
Visual Basic,2012-03-01,1836
Racket,2012-03-01,1827
Objective-J,2012-03-01,1593
Vala,2012-03-01,1248
Standard ML,2012-03-01,1245
Elixir,2012-03-01,1098
ASP,2012-03-01,1008
Tcl,2012-03-01,978
AutoHotkey,2012-03-01,864
Eiffel,2012-03-01,852
SuperCollider,2012-03-01,693
Scilab,2012-03-01,603
Smalltalk,2012-03-01,513
Coq,2012-03-01,474
Pure Data,2012-03-01,468
Nemerle,2012-03-01,441
Ada,2012-03-01,435
Modelica,2012-03-01,360
OpenEdge ABL,2012-03-01,345
XQuery,2012-03-01,336
Rebol,2012-03-01,273
Boo,2012-03-01,228
Opa,2012-03-01,219
PowerShell,2012-03-01,207
Ioke,2012-03-01,192
Io,2012-03-01,177
Arc,2012-03-01,156
Factor,2012-03-01,147
Nimrod,2012-03-01,141
Turing,2012-03-01,129
Dylan,2012-03-01,117
Gosu,2012-03-01,111
Apex,2012-03-01,93
Parrot,2012-03-01,84
Bro,2012-03-01,33
Max/MSP,2012-03-01,30
Fantom,2012-03-01,27
Fancy,2012-03-01,24
Mirah,2012-03-01,15
Kotlin,2012-03-01,12
Self,2012-03-01,12
ooc,2012-03-01,9
Logtalk,2012-03-01,9
Nu,2012-03-01,9