repository_language,month,commits
Max,2014-08-01,892
Agda,2014-08-01,506
Cuda,2014-08-01,1458
Squirrel,2014-08-01,289
SAS,2014-08-01,638
nesC,2014-08-01,1362
LiveScript,2014-08-01,3992
AutoIt,2014-08-01,682
ooc,2014-08-01,380
C,2014-08-01,428505
PHP,2014-08-01,742759
Java,2014-08-01,1033864
Python,2014-08-01,1015657
C++,2014-08-01,497511
Ruby,2014-08-01,738064
JavaScript,2014-08-01,1973188
GAMS,2014-08-01,52
,2014-08-01,1758001
ColdFusion,2014-08-01,3028
VHDL,2014-08-01,1801
Lua,2014-08-01,48458
TeX,2014-08-01,41769
Matlab,2014-08-01,16612
Shell,2014-08-01,253077
Perl,2014-08-01,69466
TypeScript,2014-08-01,33758
C#,2014-08-01,255572
PowerShell,2014-08-01,10486
Go,2014-08-01,154525
Emacs Lisp,2014-08-01,34129
Erlang,2014-08-01,16605
Inform 7,2014-08-01,335
Logtalk,2014-08-01,76
XQuery,2014-08-01,796
NetLogo,2014-08-01,258
Ada,2014-08-01,456
Idris,2014-08-01,200
Eiffel,2014-08-01,1151
Io,2014-08-01,276
Stata,2014-08-01,580
Slash,2014-08-01,90
KRL,2014-08-01,307
MoonScript,2014-08-01,248
Crystal,2014-08-01,241
Dogescript,2014-08-01,12
REALbasic,2014-08-01,71
Smalltalk,2014-08-01,843
Objective-C,2014-08-01,221598
UnrealScript,2014-08-01,76
PureScript,2014-08-01,1224
VCL,2014-08-01,434
PAWN,2014-08-01,452
AppleScript,2014-08-01,759
Standard ML,2014-08-01,1115
ATS,2014-08-01,476
GAP,2014-08-01,769
Verilog,2014-08-01,1956
ABAP,2014-08-01,46
Coq,2014-08-01,1566
Xojo,2014-08-01,358
AutoHotkey,2014-08-01,1908
M,2014-08-01,634
Processing,2014-08-01,4602
Perl6,2014-08-01,648
Visual Basic,2014-08-01,5824
Apex,2014-08-01,2309
DM,2014-08-01,10529
Gosu,2014-08-01,1822
Arduino,2014-08-01,10469
DOT,2014-08-01,507
Rust,2014-08-01,33186
Elixir,2014-08-01,8842
Game Maker Language,2014-08-01,1548
Common Lisp,2014-08-01,5545
Julia,2014-08-01,16894
F#,2014-08-01,5600
Kotlin,2014-08-01,918
Nimrod,2014-08-01,953
ASP,2014-08-01,4065
Tcl,2014-08-01,3336
Gnuplot,2014-08-01,671
Mathematica,2014-08-01,1634
IDL,2014-08-01,2674
JSONiq,2014-08-01,583
Objective-J,2014-08-01,885
Racket,2014-08-01,2379
Pure Data,2014-08-01,494
Factor,2014-08-01,199
Logos,2014-08-01,1306
SQL,2014-08-01,2564
Ceylon,2014-08-01,437
BlitzBasic,2014-08-01,2064
Hy,2014-08-01,110
R,2014-08-01,75463
Puppet,2014-08-01,19627
CSS,2014-08-01,728100
CoffeeScript,2014-08-01,87467
Scala,2014-08-01,85458
VimL,2014-08-01,64676
SourcePawn,2014-08-01,1477
Swift,2014-08-01,33458
Objective-C++,2014-08-01,2796
OCaml,2014-08-01,11765
Vala,2014-08-01,3181
Scheme,2014-08-01,6380
Groovy,2014-08-01,24204
Xtend,2014-08-01,1176
Haskell,2014-08-01,41493
D,2014-08-01,10523
SystemVerilog,2014-08-01,201
Alloy,2014-08-01,91
Nix,2014-08-01,5460
Haxe,2014-08-01,5721
ActionScript,2014-08-01,10589
FORTRAN,2014-08-01,5488
Prolog,2014-08-01,1893
Clojure,2014-08-01,33496
Dart,2014-08-01,13290
Pascal,2014-08-01,5182
XSLT,2014-08-01,13343
Elm,2014-08-01,621
OpenEdge ABL,2014-08-01,1218
Propeller Spin,2014-08-01,502
Assembly,2014-08-01,10946
Frege,2014-08-01,139
XProc,2014-08-01,71
Forth,2014-08-01,63
AGS Script,2014-08-01,32
Cirru,2014-08-01,3
OpenSCAD,2014-08-01,103
SQF,2014-08-01,196
Fantom,2014-08-01,4
BlitzMax,2014-08-01,102
Rebol,2014-08-01,102
XC,2014-08-01,139
Self,2014-08-01,2
HaXe,2014-08-01,72
Arc,2014-08-01,52
Lasso,2014-08-01,153
Boo,2014-08-01,48
Zimpl,2014-08-01,5
Glyph,2014-08-01,29
J,2014-08-01,26
Opa,2014-08-01,4
Rouge,2014-08-01,1
PogoScript,2014-08-01,13
Volt,2014-08-01,25
DCPU-16-01 ASM,2014-08-01,4
Harbour,2014-08-01,11
Dylan,2014-08-01,54
Turing,2014-08-01,13
Oxygene,2014-08-01,13
Ecl,2014-08-01,15
RobotFramework,2014-08-01,36
LabVIEW,2014-08-01,4
Nemerle,2014-08-01,155
LookML,2014-08-01,3
Grammatical Framework,2014-08-01,32
Moocode,2014-08-01,1
Ragel in Ruby Host,2014-08-01,19
PigLatin,2014-08-01,8
Nu,2014-08-01,34
SuperCollider,2014-08-01,90
XML,2014-08-01,438
Mirah,2014-08-01,68
COBOL,2014-08-01,113
Component Pascal,2014-08-01,294
ANTLR,2014-08-01,183
FLUX,2014-08-01,154
xBase,2014-08-01,641
Parrot,2014-08-01,120
Delphi,2014-08-01,53
CLIPS,2014-08-01,175
Red,2014-08-01,182
Brightscript,2014-08-01,230
AspectJ,2014-08-01,135
Augeas,2014-08-01,104
Scilab,2014-08-01,92
APL,2014-08-01,1
Bluespec,2014-08-01,273
Nit,2014-08-01,16
Zephir,2014-08-01,59
Pan,2014-08-01,97
Awk,2014-08-01,333
Monkey,2014-08-01,53
wisp,2014-08-01,37
Chapel,2014-08-01,1
E,2014-08-01,2
Shen,2014-08-01,3
Bro,2014-08-01,42
Pike,2014-08-01,144
Mercury,2014-08-01,502
Isabelle,2014-08-01,189
Shen,2014-07-01,2
J,2014-07-01,78
Brightscript,2014-07-01,209
Frege,2014-07-01,136
Dogescript,2014-07-01,15
Dylan,2014-07-01,228
PAWN,2014-07-01,332
Inform 7,2014-07-01,234
CLIPS,2014-07-01,46
Moocode,2014-07-01,2
REALbasic,2014-07-01,126
COBOL,2014-07-01,217
Augeas,2014-07-01,100
Rebol,2014-07-01,170
Scilab,2014-07-01,152
XProc,2014-07-01,54
GAMS,2014-07-01,37
ooc,2014-07-01,112
Delphi,2014-07-01,63
Monkey,2014-07-01,118
Oxygene,2014-07-01,11
Zephir,2014-07-01,43
,2014-07-01,1818963
JSONiq,2014-07-01,135
Lasso,2014-07-01,143
SuperCollider,2014-07-01,341
Nu,2014-07-01,42
HaXe,2014-07-01,107
Grammatical Framework,2014-07-01,27
Clean,2014-07-01,15
Hy,2014-07-01,100
RobotFramework,2014-07-01,13
Xojo,2014-07-01,56
Bluespec,2014-07-01,371
Mirah,2014-07-01,95
Ecl,2014-07-01,139
Slash,2014-07-01,145
Factor,2014-07-01,380
Glyph,2014-07-01,36
Alloy,2014-07-01,37
JavaScript,2014-07-01,1987131
AutoHotkey,2014-07-01,1334
Xtend,2014-07-01,919
Logos,2014-07-01,1468
AspectJ,2014-07-01,127
Awk,2014-07-01,301
ATS,2014-07-01,150
E,2014-07-01,1
Nit,2014-07-01,1
Ioke,2014-07-01,1
Fancy,2014-07-01,1
DCPU-16-01 ASM,2014-07-01,7
Grace,2014-07-01,3
FLUX,2014-07-01,204
Parrot,2014-07-01,138
ABAP,2014-07-01,179
XQuery,2014-07-01,598
UnrealScript,2014-07-01,217
Pan,2014-07-01,258
PogoScript,2014-07-01,46
XML,2014-07-01,249
Pure Data,2014-07-01,621
Bro,2014-07-01,85
Component Pascal,2014-07-01,168
VCL,2014-07-01,225
SourcePawn,2014-07-01,1558
Arc,2014-07-01,98
Isabelle,2014-07-01,141
Crystal,2014-07-01,412
Pike,2014-07-01,182
DOT,2014-07-01,516
Kotlin,2014-07-01,1314
PureScript,2014-07-01,743
Volt,2014-07-01,18
Red,2014-07-01,181
AppleScript,2014-07-01,719
Tcl,2014-07-01,1816
SAS,2014-07-01,587
NetLogo,2014-07-01,278
Nimrod,2014-07-01,992
nesC,2014-07-01,1952
ANTLR,2014-07-01,176
XC,2014-07-01,295
xBase,2014-07-01,766
KRL,2014-07-01,340
BlitzBasic,2014-07-01,1796
Mercury,2014-07-01,836
Cirru,2014-07-01,9
Opa,2014-07-01,4
Turing,2014-07-01,14
Ragel in Ruby Host,2014-07-01,16
Forth,2014-07-01,84
Ox,2014-07-01,3
Self,2014-07-01,7
eC,2014-07-01,14
Fantom,2014-07-01,9
Io,2014-07-01,355
M,2014-07-01,467
Gosu,2014-07-01,1371
Cuda,2014-07-01,1768
Nix,2014-07-01,3217
Ceylon,2014-07-01,487
GAP,2014-07-01,493
wisp,2014-07-01,139
Smalltalk,2014-07-01,1941
Squirrel,2014-07-01,254
Boo,2014-07-01,35
Ada,2014-07-01,523
Stata,2014-07-01,615
Nemerle,2014-07-01,319
Gnuplot,2014-07-01,703
Idris,2014-07-01,280
Perl6,2014-07-01,608
Objective-J,2014-07-01,1176
BlitzMax,2014-07-01,145
IDL,2014-07-01,2755
Vala,2014-07-01,2915
R,2014-07-01,75875
Groovy,2014-07-01,25316
Matlab,2014-07-01,17899
C,2014-07-01,459340
Ruby,2014-07-01,751158
CSS,2014-07-01,758763
Perl,2014-07-01,73340
PHP,2014-07-01,742613
Python,2014-07-01,1016891
VimL,2014-07-01,65574
Lua,2014-07-01,48600
C++,2014-07-01,515337
Java,2014-07-01,1065219
OCaml,2014-07-01,11533
Shell,2014-07-01,253469
Elixir,2014-07-01,7491
Visual Basic,2014-07-01,6882
DM,2014-07-01,10934
Apex,2014-07-01,2010
F#,2014-07-01,8000
Dart,2014-07-01,12034
Coq,2014-07-01,1313
Processing,2014-07-01,4356
Prolog,2014-07-01,1385
Game Maker Language,2014-07-01,1412
Verilog,2014-07-01,2272
Scheme,2014-07-01,5901
VHDL,2014-07-01,2031
D,2014-07-01,10744
LiveScript,2014-07-01,3928
Erlang,2014-07-01,16724
Pascal,2014-07-01,5118
Julia,2014-07-01,14390
Haxe,2014-07-01,6222
Racket,2014-07-01,2998
Arduino,2014-07-01,9943
Swift,2014-07-01,30377
Mathematica,2014-07-01,1440
Eiffel,2014-07-01,1109
Go,2014-07-01,158225
Rust,2014-07-01,36671
Puppet,2014-07-01,21076
Haskell,2014-07-01,40944
Objective-C,2014-07-01,229552
FORTRAN,2014-07-01,6553
TypeScript,2014-07-01,27439
Scala,2014-07-01,91327
Assembly,2014-07-01,16211
TeX,2014-07-01,47229
Objective-C++,2014-07-01,2869
Common Lisp,2014-07-01,5144
CoffeeScript,2014-07-01,89511
Clojure,2014-07-01,31367
C#,2014-07-01,254236
ActionScript,2014-07-01,12499
PowerShell,2014-07-01,9422
Emacs Lisp,2014-07-01,30449
AutoIt,2014-07-01,428
SystemVerilog,2014-07-01,229
Elm,2014-07-01,798
ColdFusion,2014-07-01,3809
MoonScript,2014-07-01,410
Agda,2014-07-01,337
XSLT,2014-07-01,11176
Logtalk,2014-07-01,105
Max,2014-07-01,1131
SQL,2014-07-01,3088
Standard ML,2014-07-01,988
OpenEdge ABL,2014-07-01,2367
Propeller Spin,2014-07-01,382
ASP,2014-07-01,3843
Common Lisp,2014-06-01,5200
Dart,2014-06-01,8520
Boo,2014-06-01,32
Dogescript,2014-06-01,33
Lua,2014-06-01,42248
Rust,2014-06-01,29985
XSLT,2014-06-01,10927
Puppet,2014-06-01,21822
DM,2014-06-01,10119
Ada,2014-06-01,635
DOT,2014-06-01,496
DCPU-16-01 ASM,2014-06-01,6
Tcl,2014-06-01,2143
HaXe,2014-06-01,217
Objective-J,2014-06-01,1540
Ceylon,2014-06-01,399
Kotlin,2014-06-01,769
AspectJ,2014-06-01,149
Idris,2014-06-01,284
Pike,2014-06-01,113
Smalltalk,2014-06-01,2746
Pure Data,2014-06-01,477
J,2014-06-01,46
Emacs Lisp,2014-06-01,28763
Bro,2014-06-01,20
Self,2014-06-01,6
Cirru,2014-06-01,37
SystemVerilog,2014-06-01,208
Gosu,2014-06-01,1012
Agda,2014-06-01,622
AutoIt,2014-06-01,600
Verilog,2014-06-01,1888
Fancy,2014-06-01,7
SQL,2014-06-01,8103
Prolog,2014-06-01,593
D,2014-06-01,8256
Nimrod,2014-06-01,934
Visual Basic,2014-06-01,7396
Processing,2014-06-01,6182
Io,2014-06-01,211
ASP,2014-06-01,5428
Assembly,2014-06-01,5928
F#,2014-06-01,7040
Elixir,2014-06-01,5128
Vala,2014-06-01,2122
FORTRAN,2014-06-01,6448
Alloy,2014-06-01,41
Perl6,2014-06-01,453
PogoScript,2014-06-01,9
Opa,2014-06-01,10
Ox,2014-06-01,1
TXL,2014-06-01,1
TypeScript,2014-06-01,26627
ABAP,2014-06-01,15
FLUX,2014-06-01,68
Haxe,2014-06-01,7437
AppleScript,2014-06-01,1368
UnrealScript,2014-06-01,251
Mirah,2014-06-01,21
Swift,2014-06-01,40039
OpenEdge ABL,2014-06-01,1385
Moocode,2014-06-01,1
Omgrofl,2014-06-01,1
XQuery,2014-06-01,812
IDL,2014-06-01,2592
Ioke,2014-06-01,1
E,2014-06-01,1
Volt,2014-06-01,9
Shen,2014-06-01,3
JSONiq,2014-06-01,46
C#,2014-06-01,235088
XC,2014-06-01,254
Forth,2014-06-01,59
M,2014-06-01,598
Rebol,2014-06-01,173
NetLogo,2014-06-01,218
PHP,2014-06-01,689784
Groovy,2014-06-01,24577
CoffeeScript,2014-06-01,80278
C++,2014-06-01,480760
Bluespec,2014-06-01,256
Go,2014-06-01,130499
Logtalk,2014-06-01,122
Crystal,2014-06-01,291
Delphi,2014-06-01,79
Lasso,2014-06-01,260
Nu,2014-06-01,24
Component Pascal,2014-06-01,80
Frege,2014-06-01,90
JavaScript,2014-06-01,1810145
Rouge,2014-06-01,7
Scilab,2014-06-01,77
CSS,2014-06-01,632201
Perl,2014-06-01,66044
Java,2014-06-01,1045039
Python,2014-06-01,904522
Shell,2014-06-01,242453
C,2014-06-01,489748
Objective-C,2014-06-01,192671
Matlab,2014-06-01,18519
Max,2014-06-01,1254
ActionScript,2014-06-01,10875
Oxygene,2014-06-01,19
,2014-06-01,1593343
Clean,2014-06-01,88
Monkey,2014-06-01,36
Augeas,2014-06-01,180
Standard ML,2014-06-01,1586
Factor,2014-06-01,459
Nemerle,2014-06-01,560
Xtend,2014-06-01,774
R,2014-06-01,71542
Racket,2014-06-01,2799
Erlang,2014-06-01,19769
OCaml,2014-06-01,10167
Haskell,2014-06-01,42079
PowerShell,2014-06-01,7813
Inform 7,2014-06-01,656
Scala,2014-06-01,82092
TeX,2014-06-01,48757
VimL,2014-06-01,59686
Clojure,2014-06-01,28867
Ruby,2014-06-01,713954
LiveScript,2014-06-01,2339
Mercury,2014-06-01,512
Stata,2014-06-01,739
xBase,2014-06-01,851
Parrot,2014-06-01,82
Julia,2014-06-01,16083
MoonScript,2014-06-01,241
Logos,2014-06-01,1543
Grammatical Framework,2014-06-01,17
Mathematica,2014-06-01,222
Brightscript,2014-06-01,324
Slash,2014-06-01,299
Coq,2014-06-01,954
SuperCollider,2014-06-01,410
REALbasic,2014-06-01,153
PureScript,2014-06-01,489
Elm,2014-06-01,643
GAP,2014-06-01,359
Propeller Spin,2014-06-01,572
Apex,2014-06-01,1993
AutoHotkey,2014-06-01,1423
VHDL,2014-06-01,1556
Turing,2014-06-01,20
VCL,2014-06-01,63
Ragel in Ruby Host,2014-06-01,61
Red,2014-06-01,290
Nix,2014-06-01,43
Harbour,2014-06-01,24
Dylan,2014-06-01,416
Fantom,2014-06-01,79
ATS,2014-06-01,190
ooc,2014-06-01,44
Ecl,2014-06-01,41
SourcePawn,2014-06-01,1172
Scheme,2014-06-01,5115
ColdFusion,2014-06-01,2948
wisp,2014-06-01,22
Squirrel,2014-06-01,304
Arduino,2014-06-01,8303
Objective-C++,2014-06-01,2383
PAWN,2014-06-01,148
XML,2014-06-01,915
COBOL,2014-06-01,441
Eiffel,2014-06-01,2480
nesC,2014-06-01,2948
Cuda,2014-06-01,2396
SAS,2014-06-01,2758
Awk,2014-06-01,338
Pascal,2014-06-01,4887
Gnuplot,2014-06-01,962
BlitzBasic,2014-06-01,1260
Zephir,2014-06-01,18
GAMS,2014-06-01,25
CLIPS,2014-06-01,14
RobotFramework,2014-06-01,21
Glyph,2014-06-01,29
ANTLR,2014-06-01,158
Pan,2014-06-01,354
Hy,2014-06-01,42
KRL,2014-06-01,254
Game Maker Language,2014-06-01,1732
eC,2014-06-01,50
XProc,2014-06-01,134
Arc,2014-06-01,141
Rust,2014-05-01,25433
Logos,2014-05-01,2177
eC,2014-05-01,25
TeX,2014-05-01,65706
Verilog,2014-05-01,2450
SystemVerilog,2014-05-01,242
Mathematica,2014-05-01,154
Self,2014-05-01,30
Glyph,2014-05-01,60
Slash,2014-05-01,564
AppleScript,2014-05-01,920
ANTLR,2014-05-01,406
XC,2014-05-01,229
Agda,2014-05-01,417
Dylan,2014-05-01,426
Scala,2014-05-01,82026
Elixir,2014-05-01,6306
Mercury,2014-05-01,651
ATS,2014-05-01,468
Propeller Spin,2014-05-01,219
Pure Data,2014-05-01,448
AutoIt,2014-05-01,601
Brightscript,2014-05-01,185
Rebol,2014-05-01,970
RobotFramework,2014-05-01,35
Game Maker Language,2014-05-01,1421
Groovy,2014-05-01,24467
Assembly,2014-05-01,8021
Lua,2014-05-01,40957
Nu,2014-05-01,51
Ada,2014-05-01,737
Puppet,2014-05-01,22245
Arduino,2014-05-01,9700
IDL,2014-05-01,2397
VimL,2014-05-01,60322
R,2014-05-01,71445
Racket,2014-05-01,3592
Erlang,2014-05-01,20181
D,2014-05-01,11371
SQL,2014-05-01,22733
Objective-C,2014-05-01,242050
ASP,2014-05-01,6386
Emacs Lisp,2014-05-01,31979
Julia,2014-05-01,12784
Ceylon,2014-05-01,565
Haxe,2014-05-01,8342
Objective-J,2014-05-01,1131
Matlab,2014-05-01,18055
CSS,2014-05-01,661003
Stata,2014-05-01,451
Shell,2014-05-01,246970
Haskell,2014-05-01,41590
C#,2014-05-01,264093
Lasso,2014-05-01,328
Delphi,2014-05-01,82
Eiffel,2014-05-01,2533
Go,2014-05-01,119711
Clojure,2014-05-01,30323
CoffeeScript,2014-05-01,95989
Scheme,2014-05-01,7536
Dogescript,2014-05-01,11
Turing,2014-05-01,21
DCPU-16-01 ASM,2014-05-01,2
REALbasic,2014-05-01,393
ooc,2014-05-01,2
E,2014-05-01,1
Java,2014-05-01,1181326
Oxygene,2014-05-01,15
Cirru,2014-05-01,5
Mirah,2014-05-01,5
PHP,2014-05-01,734319
Opa,2014-05-01,2
Python,2014-05-01,928777
,2014-05-01,1848739
Ruby,2014-05-01,773934
Alloy,2014-05-01,174
XQuery,2014-05-01,910
Augeas,2014-05-01,209
LiveScript,2014-05-01,2012
Factor,2014-05-01,252
Perl,2014-05-01,68727
Visual Basic,2014-05-01,7346
Rouge,2014-05-01,5
ABAP,2014-05-01,21
Standard ML,2014-05-01,1280
Idris,2014-05-01,410
Io,2014-05-01,103
Frege,2014-05-01,76
Elm,2014-05-01,494
GAP,2014-05-01,319
Red,2014-05-01,117
Gnuplot,2014-05-01,415
CLIPS,2014-05-01,179
XProc,2014-05-01,137
AspectJ,2014-05-01,232
xBase,2014-05-01,733
Boo,2014-05-01,156
Xtend,2014-05-01,947
Gosu,2014-05-01,944
ActionScript,2014-05-01,13132
HaXe,2014-05-01,223
PureScript,2014-05-01,761
Ecl,2014-05-01,44
Coq,2014-05-01,939
NetLogo,2014-05-01,829
Max,2014-05-01,1174
Logtalk,2014-05-01,98
Apex,2014-05-01,1657
COBOL,2014-05-01,380
Common Lisp,2014-05-01,6038
Bluespec,2014-05-01,259
OCaml,2014-05-01,11077
DOT,2014-05-01,834
OpenEdge ABL,2014-05-01,1373
Awk,2014-05-01,250
Nimrod,2014-05-01,884
Perl6,2014-05-01,478
F#,2014-05-01,7162
Forth,2014-05-01,39
Tcl,2014-05-01,1825
Processing,2014-05-01,5263
Nemerle,2014-05-01,1051
wisp,2014-05-01,48
Fancy,2014-05-01,1
Fantom,2014-05-01,68
Clean,2014-05-01,36
Monkey,2014-05-01,80
Volt,2014-05-01,71
Pike,2014-05-01,123
Crystal,2014-05-01,226
Parrot,2014-05-01,97
MoonScript,2014-05-01,291
Scilab,2014-05-01,140
Squirrel,2014-05-01,312
DM,2014-05-01,9882
SuperCollider,2014-05-01,170
Grammatical Framework,2014-05-01,11
Inform 7,2014-05-01,566
Bro,2014-05-01,124
Hy,2014-05-01,83
JavaScript,2014-05-01,1897223
C,2014-05-01,468806
PogoScript,2014-05-01,15
Arc,2014-05-01,164
C++,2014-05-01,519419
Vala,2014-05-01,2352
nesC,2014-05-01,2475
BlitzBasic,2014-05-01,1717
TypeScript,2014-05-01,25085
M,2014-05-01,632
ColdFusion,2014-05-01,2985
AutoHotkey,2014-05-01,1437
J,2014-05-01,38
Dart,2014-05-01,9450
XSLT,2014-05-01,10493
Pascal,2014-05-01,5148
Kotlin,2014-05-01,896
Zephir,2014-05-01,35
FORTRAN,2014-05-01,5966
Harbour,2014-05-01,7
Ragel in Ruby Host,2014-05-01,20
PAWN,2014-05-01,304
VHDL,2014-05-01,3271
Objective-C++,2014-05-01,6482
SourcePawn,2014-05-01,966
PowerShell,2014-05-01,7939
JSONiq,2014-05-01,70
Cuda,2014-05-01,794
UnrealScript,2014-05-01,512
Prolog,2014-05-01,1174
KRL,2014-05-01,131
FLUX,2014-05-01,47
XML,2014-05-01,1411
Smalltalk,2014-05-01,2084
ActionScript,2014-04-01,12402
TypeScript,2014-04-01,24861
Lua,2014-04-01,37852
Pike,2014-04-01,98
Emacs Lisp,2014-04-01,30569
RobotFramework,2014-04-01,23
Python,2014-04-01,903274
Shell,2014-04-01,235904
DCPU-16-01 ASM,2014-04-01,15
Nu,2014-04-01,12
FLUX,2014-04-01,67
eC,2014-04-01,38
Mathematica,2014-04-01,20
D,2014-04-01,10008
ABAP,2014-04-01,10
PogoScript,2014-04-01,12
PAWN,2014-04-01,94
Common Lisp,2014-04-01,6235
Erlang,2014-04-01,19059
Groovy,2014-04-01,21396
M,2014-04-01,932
DM,2014-04-01,9586
F#,2014-04-01,7443
Boo,2014-04-01,41
ooc,2014-04-01,3
Scala,2014-04-01,77626
Haskell,2014-04-01,40305
Perl6,2014-04-01,588
Perl,2014-04-01,65176
Go,2014-04-01,107396
Idris,2014-04-01,288
Turing,2014-04-01,13
Opa,2014-04-01,7
J,2014-04-01,20
,2014-04-01,1975604
Zephir,2014-04-01,49
Bro,2014-04-01,50
Inform 7,2014-04-01,46
C,2014-04-01,467028
C#,2014-04-01,232858
Ceylon,2014-04-01,98
Objective-C,2014-04-01,240943
JavaScript,2014-04-01,1839167
wisp,2014-04-01,61
GAP,2014-04-01,90
Ruby,2014-04-01,776983
Self,2014-04-01,21
PureScript,2014-04-01,188
Stata,2014-04-01,50
Rouge,2014-04-01,11
Glyph,2014-04-01,39
HaXe,2014-04-01,358
CoffeeScript,2014-04-01,75393
Fancy,2014-04-01,15
Alloy,2014-04-01,19
Monkey,2014-04-01,39
Java,2014-04-01,1107541
VimL,2014-04-01,61208
Frege,2014-04-01,49
ANTLR,2014-04-01,142
Hy,2014-04-01,61
Gnuplot,2014-04-01,41
Mercury,2014-04-01,67
Parrot,2014-04-01,87
Oxygene,2014-04-01,45
Forth,2014-04-01,11
C++,2014-04-01,483783
CSS,2014-04-01,666299
PHP,2014-04-01,723922
Ecl,2014-04-01,43
REALbasic,2014-04-01,84
Apex,2014-04-01,1790
Vala,2014-04-01,1842
MoonScript,2014-04-01,219
Mirah,2014-04-01,19
DOT,2014-04-01,1294
Ragel in Ruby Host,2014-04-01,54
Elixir,2014-04-01,4252
PowerShell,2014-04-01,7830
SourcePawn,2014-04-01,295
Grammatical Framework,2014-04-01,1
Rebol,2014-04-01,537
Io,2014-04-01,129
XProc,2014-04-01,43
Objective-C++,2014-04-01,5382
Prolog,2014-04-01,399
SuperCollider,2014-04-01,395
XML,2014-04-01,1288
Factor,2014-04-01,451
ASP,2014-04-01,8754
Matlab,2014-04-01,17148
Scilab,2014-04-01,203
Kotlin,2014-04-01,701
COBOL,2014-04-01,381
Xtend,2014-04-01,884
Volt,2014-04-01,30
ATS,2014-04-01,64
Dart,2014-04-01,10013
JSONiq,2014-04-01,2
Verilog,2014-04-01,2778
AppleScript,2014-04-01,1243
IDL,2014-04-01,2503
Game Maker Language,2014-04-01,372
Clean,2014-04-01,28
SystemVerilog,2014-04-01,123
AspectJ,2014-04-01,41
Pascal,2014-04-01,4562
Processing,2014-04-01,5471
R,2014-04-01,70530
Visual Basic,2014-04-01,7019
LiveScript,2014-04-01,3488
OpenEdge ABL,2014-04-01,780
XSLT,2014-04-01,9724
Pure Data,2014-04-01,300
VHDL,2014-04-01,3429
CLIPS,2014-04-01,197
Lasso,2014-04-01,645
XC,2014-04-01,461
Delphi,2014-04-01,74
xBase,2014-04-01,1183
Ada,2014-04-01,725
Agda,2014-04-01,485
Scheme,2014-04-01,5262
Elm,2014-04-01,516
Fantom,2014-04-01,36
Brightscript,2014-04-01,269
FORTRAN,2014-04-01,5726
NetLogo,2014-04-01,521
Logos,2014-04-01,1415
Tcl,2014-04-01,1400
Awk,2014-04-01,340
Julia,2014-04-01,10697
Assembly,2014-04-01,7015
Clojure,2014-04-01,32489
Bluespec,2014-04-01,287
Dylan,2014-04-01,206
Rust,2014-04-01,20699
XQuery,2014-04-01,668
Max,2014-04-01,1108
Eiffel,2014-04-01,2982
Harbour,2014-04-01,3
Arc,2014-04-01,204
BlitzBasic,2014-04-01,1796
Logtalk,2014-04-01,134
KRL,2014-04-01,560
UnrealScript,2014-04-01,345
OCaml,2014-04-01,10384
Nimrod,2014-04-01,1050
Nemerle,2014-04-01,689
Smalltalk,2014-04-01,1166
Coq,2014-04-01,1104
Squirrel,2014-04-01,257
ColdFusion,2014-04-01,2015
AutoIt,2014-04-01,1332
TeX,2014-04-01,56055
Slash,2014-04-01,378
nesC,2014-04-01,3242
Racket,2014-04-01,3468
Standard ML,2014-04-01,1318
AutoHotkey,2014-04-01,1543
Arduino,2014-04-01,9696
Gosu,2014-04-01,924
Augeas,2014-04-01,198
Haxe,2014-04-01,8314
Crystal,2014-04-01,122
Objective-J,2014-04-01,766
Puppet,2014-04-01,20642
Standard ML,2014-03-01,1527
RobotFramework,2014-03-01,66
BlitzBasic,2014-03-01,1779
Nemerle,2014-03-01,405
XML,2014-03-01,1254
REALbasic,2014-03-01,366
Turing,2014-03-01,114
Xtend,2014-03-01,430
PogoScript,2014-03-01,21
Awk,2014-03-01,580
AutoIt,2014-03-01,947
Mirah,2014-03-01,79
Augeas,2014-03-01,105
Self,2014-03-01,106
xBase,2014-03-01,660
Logos,2014-03-01,1452
MoonScript,2014-03-01,318
Opa,2014-03-01,8
COBOL,2014-03-01,213
Clean,2014-03-01,113
Fancy,2014-03-01,8
Io,2014-03-01,299
Agda,2014-03-01,405
ABAP,2014-03-01,119
Ceylon,2014-03-01,207
Kotlin,2014-03-01,915
Nimrod,2014-03-01,993
Objective-J,2014-03-01,739
M,2014-03-01,894
Slash,2014-03-01,353
XC,2014-03-01,248
Arc,2014-03-01,109
Vala,2014-03-01,2757
Rust,2014-03-01,17392
TeX,2014-03-01,54779
Puppet,2014-03-01,23143
PowerShell,2014-03-01,6784
ooc,2014-03-01,75
Scilab,2014-03-01,193
Idris,2014-03-01,148
Clojure,2014-03-01,31424
CoffeeScript,2014-03-01,85357
Erlang,2014-03-01,19785
Haskell,2014-03-01,36710
Monkey,2014-03-01,139
Dylan,2014-03-01,317
VimL,2014-03-01,62718
Julia,2014-03-01,13564
Boo,2014-03-01,119
R,2014-03-01,53197
D,2014-03-01,11402
Assembly,2014-03-01,9024
Shell,2014-03-01,245543
Squirrel,2014-03-01,283
Python,2014-03-01,900103
JavaScript,2014-03-01,1784465
Ruby,2014-03-01,749703
C#,2014-03-01,212447
PHP,2014-03-01,743695
Scala,2014-03-01,74460
,2014-03-01,1756059
CSS,2014-03-01,671535
Lua,2014-03-01,33498
Perl,2014-03-01,69935
Lasso,2014-03-01,1891
C,2014-03-01,491779
Java,2014-03-01,1080747
Processing,2014-03-01,5202
C++,2014-03-01,479865
F#,2014-03-01,8688
Objective-C,2014-03-01,241192
Go,2014-03-01,92445
Common Lisp,2014-03-01,6334
nesC,2014-03-01,2715
Scheme,2014-03-01,4810
Rebol,2014-03-01,130
Tcl,2014-03-01,1483
ColdFusion,2014-03-01,2111
KRL,2014-03-01,3247
Perl6,2014-03-01,322
Apex,2014-03-01,1684
LiveScript,2014-03-01,2570
OpenEdge ABL,2014-03-01,837
Glyph,2014-03-01,84
Nu,2014-03-01,9
J,2014-03-01,37
Elixir,2014-03-01,3825
VHDL,2014-03-01,3425
Verilog,2014-03-01,2880
ASP,2014-03-01,5388
IDL,2014-03-01,2526
Eiffel,2014-03-01,1359
Arduino,2014-03-01,10238
DM,2014-03-01,10025
TypeScript,2014-03-01,29969
Groovy,2014-03-01,19753
Bluespec,2014-03-01,238
HaXe,2014-03-01,273
Crystal,2014-03-01,242
Dart,2014-03-01,13451
OCaml,2014-03-01,10386
Brightscript,2014-03-01,397
Racket,2014-03-01,3256
Matlab,2014-03-01,15956
Pascal,2014-03-01,4880
Max,2014-03-01,1331
XSLT,2014-03-01,9380
Emacs Lisp,2014-03-01,35184
Visual Basic,2014-03-01,6180
Haxe,2014-03-01,7496
ActionScript,2014-03-01,11920
FORTRAN,2014-03-01,5403
Delphi,2014-03-01,86
Fantom,2014-03-01,76
XProc,2014-03-01,104
NetLogo,2014-03-01,387
Prolog,2014-03-01,204
Logtalk,2014-03-01,108
Elm,2014-03-01,523
Oxygene,2014-03-01,84
UnrealScript,2014-03-01,345
wisp,2014-03-01,147
Parrot,2014-03-01,163
Ada,2014-03-01,648
ANTLR,2014-03-01,129
SuperCollider,2014-03-01,275
Pure Data,2014-03-01,607
DCPU-16-01 ASM,2014-03-01,53
Gosu,2014-03-01,466
Coq,2014-03-01,913
Rouge,2014-03-01,22
AppleScript,2014-03-01,1071
DOT,2014-03-01,1200
Ecl,2014-03-01,38
Smalltalk,2014-03-01,869
CLIPS,2014-03-01,187
Bro,2014-03-01,56
Forth,2014-03-01,64
Factor,2014-03-01,326
XQuery,2014-03-01,514
AutoHotkey,2014-03-01,1414
Pike,2014-03-01,167
Ragel in Ruby Host,2014-03-01,51
eC,2014-03-01,27
Volt,2014-03-01,29
Ioke,2014-03-01,43
TXL,2014-03-01,2
Awk,2014-02-01,213
COBOL,2014-02-01,146
XProc,2014-02-01,140
Coq,2014-02-01,962
Gosu,2014-02-01,497
Crystal,2014-02-01,214
ooc,2014-02-01,145
Squirrel,2014-02-01,182
Apex,2014-02-01,1997
xBase,2014-02-01,606
wisp,2014-02-01,39
UnrealScript,2014-02-01,541
Omgrofl,2014-02-01,21
MoonScript,2014-02-01,266
Rebol,2014-02-01,60
Self,2014-02-01,57
Pure Data,2014-02-01,343
ANTLR,2014-02-01,89
JavaScript,2014-02-01,1543424
CSS,2014-02-01,550908
Objective-C,2014-02-01,198225
,2014-02-01,1528955
Scilab,2014-02-01,258
Logtalk,2014-02-01,142
DCPU-16-01 ASM,2014-02-01,37
Factor,2014-02-01,258
Idris,2014-02-01,232
KRL,2014-02-01,2975
NetLogo,2014-02-01,297
Pike,2014-02-01,176
Bluespec,2014-02-01,215
Opa,2014-02-01,18
Oxygene,2014-02-01,65
Delphi,2014-02-01,114
Agda,2014-02-01,420
Io,2014-02-01,466
Eiffel,2014-02-01,214
Bro,2014-02-01,38
Forth,2014-02-01,13
Glyph,2014-02-01,18
Turing,2014-02-01,38
CLIPS,2014-02-01,58
Boo,2014-02-01,182
ABAP,2014-02-01,83
Ecl,2014-02-01,72
Ruby,2014-02-01,688583
Clean,2014-02-01,81
Fantom,2014-02-01,10
Volt,2014-02-01,22
Ioke,2014-02-01,1
Fancy,2014-02-01,39
Nu,2014-02-01,58
RobotFramework,2014-02-01,55
eC,2014-02-01,21
PogoScript,2014-02-01,75
TXL,2014-02-01,4
Scala,2014-02-01,67919
Elixir,2014-02-01,4770
FORTRAN,2014-02-01,4123
VHDL,2014-02-01,3359
XML,2014-02-01,1270
Haxe,2014-02-01,6639
Processing,2014-02-01,4362
ActionScript,2014-02-01,10840
nesC,2014-02-01,2994
AutoHotkey,2014-02-01,1818
Rust,2014-02-01,20293
TypeScript,2014-02-01,26126
Racket,2014-02-01,2527
VimL,2014-02-01,58263
Clojure,2014-02-01,31002
Verilog,2014-02-01,1615
TeX,2014-02-01,42996
Matlab,2014-02-01,13462
Lua,2014-02-01,33385
Go,2014-02-01,87744
Arduino,2014-02-01,8848
C#,2014-02-01,189842
Shell,2014-02-01,219466
F#,2014-02-01,6533
C++,2014-02-01,428745
PHP,2014-02-01,673980
Python,2014-02-01,892922
CoffeeScript,2014-02-01,72411
Java,2014-02-01,910866
Emacs Lisp,2014-02-01,29488
Visual Basic,2014-02-01,5581
Haskell,2014-02-01,30053
Xtend,2014-02-01,466
Groovy,2014-02-01,18700
Erlang,2014-02-01,17231
IDL,2014-02-01,2895
ASP,2014-02-01,4945
Brightscript,2014-02-01,629
Common Lisp,2014-02-01,6320
D,2014-02-01,11034
Scheme,2014-02-01,5483
DM,2014-02-01,8092
R,2014-02-01,33125
LiveScript,2014-02-01,2013
Dart,2014-02-01,12803
J,2014-02-01,87
Tcl,2014-02-01,1543
AutoIt,2014-02-01,435
Ada,2014-02-01,587
OCaml,2014-02-01,9492
XQuery,2014-02-01,587
Monkey,2014-02-01,50
Vala,2014-02-01,2374
Perl,2014-02-01,58988
Julia,2014-02-01,12893
Assembly,2014-02-01,6719
Puppet,2014-02-01,20144
XSLT,2014-02-01,7789
ColdFusion,2014-02-01,2759
BlitzBasic,2014-02-01,1617
Dylan,2014-02-01,385
Arc,2014-02-01,166
Perl6,2014-02-01,232
Nemerle,2014-02-01,249
Smalltalk,2014-02-01,954
Kotlin,2014-02-01,521
Augeas,2014-02-01,158
Ceylon,2014-02-01,225
Prolog,2014-02-01,310
Objective-J,2014-02-01,985
Pascal,2014-02-01,4269
Nimrod,2014-02-01,1034
SuperCollider,2014-02-01,277
DOT,2014-02-01,1251
HaXe,2014-02-01,241
OpenEdge ABL,2014-02-01,753
Standard ML,2014-02-01,1427
Max,2014-02-01,927
Logos,2014-02-01,1299
AppleScript,2014-02-01,1019
REALbasic,2014-02-01,145
Elm,2014-02-01,250
Mirah,2014-02-01,46
Ragel in Ruby Host,2014-02-01,54
C,2014-02-01,420197
Slash,2014-02-01,187
XC,2014-02-01,262
Lasso,2014-02-01,1606
M,2014-02-01,634
PowerShell,2014-02-01,5486
Parrot,2014-02-01,72
Elixir,2014-01-01,3855
Ada,2014-01-01,636
Lasso,2014-01-01,2085
R,2014-01-01,33002
Puppet,2014-01-01,19641
F#,2014-01-01,5952
Racket,2014-01-01,2885
Objective-C,2014-01-01,199228
Scheme,2014-01-01,5508
Common Lisp,2014-01-01,8431
TypeScript,2014-01-01,25456
DOT,2014-01-01,1532
ActionScript,2014-01-01,12218
D,2014-01-01,8819
LiveScript,2014-01-01,2495
Rouge,2014-01-01,5
Arduino,2014-01-01,7706
Monkey,2014-01-01,33
Rust,2014-01-01,19852
Vala,2014-01-01,2434
Forth,2014-01-01,41
Augeas,2014-01-01,106
Groovy,2014-01-01,16736
Pascal,2014-01-01,3799
DM,2014-01-01,9746
Julia,2014-01-01,12627
Assembly,2014-01-01,5520
Crystal,2014-01-01,253
Nimrod,2014-01-01,583
Smalltalk,2014-01-01,983
BlitzBasic,2014-01-01,1809
Xtend,2014-01-01,634
OpenEdge ABL,2014-01-01,958
IDL,2014-01-01,4090
AppleScript,2014-01-01,925
COBOL,2014-01-01,189
Factor,2014-01-01,169
Perl6,2014-01-01,386
Awk,2014-01-01,373
Tcl,2014-01-01,1720
ColdFusion,2014-01-01,2788
Prolog,2014-01-01,404
ooc,2014-01-01,255
Gosu,2014-01-01,395
Coq,2014-01-01,1083
Scilab,2014-01-01,271
XC,2014-01-01,317
Agda,2014-01-01,440
Io,2014-01-01,804
Haxe,2014-01-01,6558
Ceylon,2014-01-01,431
Dart,2014-01-01,12328
Visual Basic,2014-01-01,5301
Verilog,2014-01-01,1631
FORTRAN,2014-01-01,3841
HaXe,2014-01-01,249
XSLT,2014-01-01,10028
Slash,2014-01-01,438
Erlang,2014-01-01,16465
Processing,2014-01-01,5730
Mirah,2014-01-01,102
VHDL,2014-01-01,3112
Eiffel,2014-01-01,491
Logos,2014-01-01,1930
Pike,2014-01-01,122
AutoHotkey,2014-01-01,1301
ASP,2014-01-01,3760
XML,2014-01-01,1726
Nemerle,2014-01-01,218
Self,2014-01-01,99
ANTLR,2014-01-01,118
Boo,2014-01-01,105
Elm,2014-01-01,458
Ioke,2014-01-01,3
CLIPS,2014-01-01,76
Fantom,2014-01-01,17
Rebol,2014-01-01,4
AutoIt,2014-01-01,529
Dylan,2014-01-01,613
M,2014-01-01,679
Volt,2014-01-01,21
Glyph,2014-01-01,19
Logtalk,2014-01-01,136
eC,2014-01-01,1
Arc,2014-01-01,141
Oxygene,2014-01-01,217
Objective-J,2014-01-01,799
wisp,2014-01-01,1
RobotFramework,2014-01-01,1
Nu,2014-01-01,29
Apex,2014-01-01,1107
J,2014-01-01,19
Delphi,2014-01-01,127
REALbasic,2014-01-01,105
Brightscript,2014-01-01,399
Ragel in Ruby Host,2014-01-01,54
Omgrofl,2014-01-01,4
Pure Data,2014-01-01,219
XQuery,2014-01-01,651
Haskell,2014-01-01,32630
Ecl,2014-01-01,60
KRL,2014-01-01,36
Bluespec,2014-01-01,209
NetLogo,2014-01-01,151
Bro,2014-01-01,53
DCPU-16-01 ASM,2014-01-01,88
MoonScript,2014-01-01,201
Opa,2014-01-01,9
Idris,2014-01-01,208
UnrealScript,2014-01-01,640
Clojure,2014-01-01,39420
Standard ML,2014-01-01,985
Fancy,2014-01-01,4
ABAP,2014-01-01,12
Clean,2014-01-01,48
Squirrel,2014-01-01,199
XProc,2014-01-01,146
Parrot,2014-01-01,109
Turing,2014-01-01,24
Kotlin,2014-01-01,347
SuperCollider,2014-01-01,303
xBase,2014-01-01,609
Emacs Lisp,2014-01-01,32749
Lua,2014-01-01,37203
Matlab,2014-01-01,13148
VimL,2014-01-01,60580
OCaml,2014-01-01,11240
Scala,2014-01-01,62318
Perl,2014-01-01,66393
CoffeeScript,2014-01-01,64459
nesC,2014-01-01,3024
TXL,2014-01-01,1
Max,2014-01-01,815
,2014-01-01,1488215
C,2014-01-01,399192
C++,2014-01-01,409684
JavaScript,2014-01-01,1562149
TeX,2014-01-01,43518
PHP,2014-01-01,696049
Python,2014-01-01,767315
Java,2014-01-01,891887
PogoScript,2014-01-01,46
CSS,2014-01-01,510044
Ruby,2014-01-01,693342
Shell,2014-01-01,217828
PowerShell,2014-01-01,5696
Go,2014-01-01,86976
C#,2014-01-01,190330
Perl6,2013-12-01,74
Crystal,2013-12-01,45
Pure Data,2013-12-01,279
Apex,2013-12-01,653
eC,2013-12-01,4
XC,2013-12-01,301
Boo,2013-12-01,164
Awk,2013-12-01,309
Mirah,2013-12-01,55
Max,2013-12-01,743
COBOL,2013-12-01,122
Agda,2013-12-01,316
Self,2013-12-01,11
Pike,2013-12-01,99
Tcl,2013-12-01,1390
REALbasic,2013-12-01,37
Scilab,2013-12-01,155
Turing,2013-12-01,4
AutoIt,2013-12-01,334
Delphi,2013-12-01,134
Augeas,2013-12-01,99
Elm,2013-12-01,365
Ioke,2013-12-01,2
MoonScript,2013-12-01,159
UnrealScript,2013-12-01,306
Bro,2013-12-01,50
M,2013-12-01,561
Brightscript,2013-12-01,417
Gosu,2013-12-01,308
XQuery,2013-12-01,628
Oxygene,2013-12-01,1986
OpenEdge ABL,2013-12-01,887
XSLT,2013-12-01,6600
CSS,2013-12-01,442797
Python,2013-12-01,637533
Perl,2013-12-01,56078
ANTLR,2013-12-01,32
PogoScript,2013-12-01,46
Rebol,2013-12-01,22
Fantom,2013-12-01,9
Prolog,2013-12-01,2907
D,2013-12-01,9145
C,2013-12-01,370305
XML,2013-12-01,1416
nesC,2013-12-01,1595
Dylan,2013-12-01,350
Objective-J,2013-12-01,927
Assembly,2013-12-01,4637
Matlab,2013-12-01,15966
Ceylon,2013-12-01,439
RobotFramework,2013-12-01,3
PowerShell,2013-12-01,4727
XProc,2013-12-01,88
Common Lisp,2013-12-01,4931
Scheme,2013-12-01,3482
Nemerle,2013-12-01,356
ColdFusion,2013-12-01,1871
FORTRAN,2013-12-01,3090
Julia,2013-12-01,9505
Standard ML,2013-12-01,1067
F#,2013-12-01,5872
Arc,2013-12-01,139
BlitzBasic,2013-12-01,1058
Volt,2013-12-01,12
ABAP,2013-12-01,4
CLIPS,2013-12-01,40
Clean,2013-12-01,16
PHP,2013-12-01,561561
,2013-12-01,1320263
C#,2013-12-01,167440
JavaScript,2013-12-01,1381737
Vala,2013-12-01,2111
Go,2013-12-01,73630
Rust,2013-12-01,13943
Emacs Lisp,2013-12-01,28678
Pascal,2013-12-01,2266
Groovy,2013-12-01,14066
Io,2013-12-01,240
Ada,2013-12-01,630
OCaml,2013-12-01,11770
R,2013-12-01,23152
Arduino,2013-12-01,6964
Logos,2013-12-01,7288
Haxe,2013-12-01,4899
IDL,2013-12-01,418
ActionScript,2013-12-01,12849
Dart,2013-12-01,8643
Ragel in Ruby Host,2013-12-01,67
Erlang,2013-12-01,15822
Puppet,2013-12-01,17178
Scala,2013-12-01,50984
AppleScript,2013-12-01,564
ASP,2013-12-01,3916
Objective-C,2013-12-01,176374
Java,2013-12-01,808408
Haskell,2013-12-01,26746
Visual Basic,2013-12-01,4475
C++,2013-12-01,384200
Ruby,2013-12-01,624962
VimL,2013-12-01,54964
Racket,2013-12-01,2446
Lasso,2013-12-01,2315
TypeScript,2013-12-01,18468
TeX,2013-12-01,36566
Shell,2013-12-01,205127
CoffeeScript,2013-12-01,56593
Lua,2013-12-01,30073
Clojure,2013-12-01,25179
DOT,2013-12-01,1666
KRL,2013-12-01,144
Eiffel,2013-12-01,450
LiveScript,2013-12-01,1926
Verilog,2013-12-01,2127
Monkey,2013-12-01,25
J,2013-12-01,36
Bluespec,2013-12-01,196
Opa,2013-12-01,9
Squirrel,2013-12-01,190
Logtalk,2013-12-01,98
Factor,2013-12-01,136
Fancy,2013-12-01,6
SuperCollider,2013-12-01,388
TXL,2013-12-01,17
Kotlin,2013-12-01,279
Ecl,2013-12-01,27
Forth,2013-12-01,13
Parrot,2013-12-01,75
Nu,2013-12-01,18
Idris,2013-12-01,138
DM,2013-12-01,6292
AutoHotkey,2013-12-01,1058
Processing,2013-12-01,5250
Xtend,2013-12-01,311
Nimrod,2013-12-01,991
xBase,2013-12-01,268
ooc,2013-12-01,146
HaXe,2013-12-01,360
NetLogo,2013-12-01,179
Smalltalk,2013-12-01,765
wisp,2013-12-01,21
Glyph,2013-12-01,30
Slash,2013-12-01,245
VHDL,2013-12-01,2101
Coq,2013-12-01,1365
DCPU-16-01 ASM,2013-12-01,47
Elixir,2013-12-01,3990
ASP,2013-11-01,6549
Matlab,2013-11-01,17332
Coq,2013-11-01,1263
Lasso,2013-11-01,2200
ColdFusion,2013-11-01,2620
DOT,2013-11-01,1794
Tcl,2013-11-01,1601
Parrot,2013-11-01,147
Apex,2013-11-01,769
XC,2013-11-01,397
Eiffel,2013-11-01,441
Scheme,2013-11-01,3541
Objective-J,2013-11-01,459
Arduino,2013-11-01,7024
Processing,2013-11-01,4748
F#,2013-11-01,4553
Racket,2013-11-01,4161
Java,2013-11-01,875921
R,2013-11-01,24021
Go,2013-11-01,71561
Puppet,2013-11-01,21648
Scala,2013-11-01,58120
Logos,2013-11-01,10493
Elixir,2013-11-01,3227
Lua,2013-11-01,27268
Perl,2013-11-01,62556
Visual Basic,2013-11-01,4313
PowerShell,2013-11-01,5272
Dart,2013-11-01,9413
Pascal,2013-11-01,3653
TypeScript,2013-11-01,14712
Nemerle,2013-11-01,480
PHP,2013-11-01,598225
C#,2013-11-01,176557
Common Lisp,2013-11-01,5295
Prolog,2013-11-01,5069
Groovy,2013-11-01,15291
Julia,2013-11-01,7962
M,2013-11-01,879
Haskell,2013-11-01,26753
C,2013-11-01,375615
Ruby,2013-11-01,668881
Shell,2013-11-01,205641
Clojure,2013-11-01,25667
VHDL,2013-11-01,2518
OpenEdge ABL,2013-11-01,2111
C++,2013-11-01,406841
ActionScript,2013-11-01,13388
Standard ML,2013-11-01,1136
Erlang,2013-11-01,16196
Emacs Lisp,2013-11-01,27801
XSLT,2013-11-01,7400
CoffeeScript,2013-11-01,56970
VimL,2013-11-01,54379
AppleScript,2013-11-01,362
Assembly,2013-11-01,4600
Smalltalk,2013-11-01,710
OCaml,2013-11-01,10250
Haxe,2013-11-01,4591
LiveScript,2013-11-01,1467
Kotlin,2013-11-01,400
JavaScript,2013-11-01,1424425
Verilog,2013-11-01,2601
CSS,2013-11-01,461339
FORTRAN,2013-11-01,4185
Rust,2013-11-01,12784
Objective-C,2013-11-01,184538
Vala,2013-11-01,1990
AutoHotkey,2013-11-01,1294
SuperCollider,2013-11-01,825
Xtend,2013-11-01,538
,2013-11-01,1602574
Ecl,2013-11-01,63
Python,2013-11-01,681871
D,2013-11-01,8765
HaXe,2013-11-01,265
XQuery,2013-11-01,581
Ada,2013-11-01,661
Rebol,2013-11-01,29
Augeas,2013-11-01,77
Pike,2013-11-01,83
Boo,2013-11-01,155
Ragel in Ruby Host,2013-11-01,73
Arc,2013-11-01,46
XML,2013-11-01,967
Forth,2013-11-01,59
Dylan,2013-11-01,300
Scilab,2013-11-01,190
Io,2013-11-01,330
J,2013-11-01,64
COBOL,2013-11-01,29
Awk,2013-11-01,297
Factor,2013-11-01,751
eC,2013-11-01,1
Rouge,2013-11-01,8
ooc,2013-11-01,57
Nimrod,2013-11-01,603
Ceylon,2013-11-01,532
Gosu,2013-11-01,221
Monkey,2013-11-01,8
Logtalk,2013-11-01,79
Squirrel,2013-11-01,364
Bro,2013-11-01,78
ABAP,2013-11-01,21
MoonScript,2013-11-01,83
Elm,2013-11-01,404
Delphi,2013-11-01,327
XProc,2013-11-01,65
Pure Data,2013-11-01,445
Turing,2013-11-01,8
CLIPS,2013-11-01,19
Slash,2013-11-01,433
Fantom,2013-11-01,2
Volt,2013-11-01,6
Ioke,2013-11-01,1
Omgrofl,2013-11-01,1
Nu,2013-11-01,23
DCPU-16-01 ASM,2013-11-01,33
Self,2013-11-01,24
Max,2013-11-01,21
Opa,2013-11-01,3
wisp,2013-11-01,15
TXL,2013-11-01,2
PogoScript,2013-11-01,36
Mirah,2013-11-01,13
Fancy,2013-11-01,19
Fancy,2013-10-01,125
VHDL,2013-10-01,2814
Vala,2013-10-01,2037
DOT,2013-10-01,1931
Prolog,2013-10-01,2783
OpenEdge ABL,2013-10-01,1571
AutoHotkey,2013-10-01,1070
Kotlin,2013-10-01,377
D,2013-10-01,8435
SuperCollider,2013-10-01,631
Delphi,2013-10-01,482
Nimrod,2013-10-01,591
ASP,2013-10-01,4574
Racket,2013-10-01,4056
R,2013-10-01,24095
FORTRAN,2013-10-01,3807
Eiffel,2013-10-01,785
Bro,2013-10-01,102
PowerShell,2013-10-01,4460
Verilog,2013-10-01,1892
Common Lisp,2013-10-01,5247
Coq,2013-10-01,772
Ceylon,2013-10-01,479
Tcl,2013-10-01,1175
C#,2013-10-01,163217
C,2013-10-01,354404
Java,2013-10-01,805854
Lua,2013-10-01,25980
Ruby,2013-10-01,696374
JavaScript,2013-10-01,1432415
PHP,2013-10-01,600395
Objective-C,2013-10-01,181471
Perl,2013-10-01,69534
Python,2013-10-01,688247
Shell,2013-10-01,213925
XSLT,2013-10-01,7408
C++,2013-10-01,401686
CSS,2013-10-01,440075
Matlab,2013-10-01,14841
LiveScript,2013-10-01,944
Puppet,2013-10-01,25641
Clojure,2013-10-01,28954
Awk,2013-10-01,301
CoffeeScript,2013-10-01,53367
Emacs Lisp,2013-10-01,29700
Processing,2013-10-01,3976
Scala,2013-10-01,67129
Haskell,2013-10-01,30116
Logos,2013-10-01,7423
Dart,2013-10-01,6421
Julia,2013-10-01,8126
Pascal,2013-10-01,4244
Assembly,2013-10-01,3731
Standard ML,2013-10-01,1456
Groovy,2013-10-01,17054
Scheme,2013-10-01,4145
Haxe,2013-10-01,3990
Arduino,2013-10-01,6092
Elixir,2013-10-01,3980
ActionScript,2013-10-01,12875
Rust,2013-10-01,14086
Go,2013-10-01,65292
OCaml,2013-10-01,9502
TypeScript,2013-10-01,13090
F#,2013-10-01,4194
ColdFusion,2013-10-01,2741
VimL,2013-10-01,54481
Visual Basic,2013-10-01,5502
Erlang,2013-10-01,16675
,2013-10-01,1634146
DCPU-16-01 ASM,2013-10-01,8
ABAP,2013-10-01,6
PogoScript,2013-10-01,14
Squirrel,2013-10-01,118
Opa,2013-10-01,8
Pike,2013-10-01,41
CLIPS,2013-10-01,44
Ecl,2013-10-01,93
Fantom,2013-10-01,13
Logtalk,2013-10-01,86
Augeas,2013-10-01,74
Turing,2013-10-01,3
Dylan,2013-10-01,93
MoonScript,2013-10-01,77
Factor,2013-10-01,185
Boo,2013-10-01,109
Mirah,2013-10-01,13
Monkey,2013-10-01,28
Elm,2013-10-01,29
Ragel in Ruby Host,2013-10-01,34
wisp,2013-10-01,1
Max,2013-10-01,12
Rebol,2013-10-01,34
Self,2013-10-01,18
Volt,2013-10-01,4
Ioke,2013-10-01,3
eC,2013-10-01,1
Gosu,2013-10-01,360
Pure Data,2013-10-01,210
Apex,2013-10-01,909
XML,2013-10-01,1158
Nemerle,2013-10-01,653
Slash,2013-10-01,615
M,2013-10-01,691
Nu,2013-10-01,22
AppleScript,2013-10-01,404
Ada,2013-10-01,1094
XC,2013-10-01,584
XQuery,2013-10-01,419
Xtend,2013-10-01,347
Lasso,2013-10-01,1621
Io,2013-10-01,312
Smalltalk,2013-10-01,1098
HaXe,2013-10-01,375
COBOL,2013-10-01,24
Parrot,2013-10-01,445
Arc,2013-10-01,68
Objective-J,2013-10-01,555
Forth,2013-10-01,42
ooc,2013-10-01,82
XProc,2013-10-01,51
Scilab,2013-10-01,216
Rouge,2013-09-01,2
CLIPS,2013-09-01,9
Fancy,2013-09-01,19
Gosu,2013-09-01,256
Fantom,2013-09-01,1
Forth,2013-09-01,35
Turing,2013-09-01,1
Groovy,2013-09-01,11404
COBOL,2013-09-01,5
ABAP,2013-09-01,9
wisp,2013-09-01,3
PogoScript,2013-09-01,6
Augeas,2013-09-01,50
Pike,2013-09-01,29
Max,2013-09-01,13
ooc,2013-09-01,17
Monkey,2013-09-01,23
Nu,2013-09-01,13
Ragel in Ruby Host,2013-09-01,20
Slash,2013-09-01,354
Logtalk,2013-09-01,99
Scilab,2013-09-01,198
Xtend,2013-09-01,180
Nimrod,2013-09-01,249
AppleScript,2013-09-01,433
MoonScript,2013-09-01,86
Factor,2013-09-01,201
XML,2013-09-01,882
Squirrel,2013-09-01,126
M,2013-09-01,360
Self,2013-09-01,40
Kotlin,2013-09-01,295
Boo,2013-09-01,41
Ceylon,2013-09-01,163
HaXe,2013-09-01,357
Bro,2013-09-01,33
Rebol,2013-09-01,30
Ecl,2013-09-01,78
eC,2013-09-01,38
XProc,2013-09-01,52
Dylan,2013-09-01,113
XC,2013-09-01,117
Io,2013-09-01,147
Arc,2013-09-01,44
Parrot,2013-09-01,312
DCPU-16-01 ASM,2013-09-01,190
Mirah,2013-09-01,27
Pure Data,2013-09-01,200
Opa,2013-09-01,53
FORTRAN,2013-09-01,3199
Standard ML,2013-09-01,740
F#,2013-09-01,2112
OpenEdge ABL,2013-09-01,839
AutoHotkey,2013-09-01,980
Julia,2013-09-01,5081
Vala,2013-09-01,2034
Smalltalk,2013-09-01,778
Coq,2013-09-01,723
Puppet,2013-09-01,17511
Processing,2013-09-01,3044
LiveScript,2013-09-01,609
OCaml,2013-09-01,8088
PowerShell,2013-09-01,3666
Apex,2013-09-01,740
Rust,2013-09-01,12029
Haxe,2013-09-01,3738
VHDL,2013-09-01,1475
Tcl,2013-09-01,973
Lasso,2013-09-01,950
Common Lisp,2013-09-01,4121
Pascal,2013-09-01,1439
Eiffel,2013-09-01,1510
Assembly,2013-09-01,3145
DOT,2013-09-01,1615
XQuery,2013-09-01,391
Awk,2013-09-01,268
Ada,2013-09-01,456
SuperCollider,2013-09-01,692
Verilog,2013-09-01,1384
Haskell,2013-09-01,26992
ActionScript,2013-09-01,9629
Erlang,2013-09-01,14800
Nemerle,2013-09-01,538
Lua,2013-09-01,24434
Perl,2013-09-01,55158
CoffeeScript,2013-09-01,46678
Clojure,2013-09-01,21607
Arduino,2013-09-01,5520
Emacs Lisp,2013-09-01,24604
Visual Basic,2013-09-01,4570
Racket,2013-09-01,3410
Prolog,2013-09-01,2329
Dart,2013-09-01,4325
VimL,2013-09-01,49220
Scala,2013-09-01,85066
Objective-J,2013-09-01,243
Elixir,2013-09-01,3299
Scheme,2013-09-01,2911
Logos,2013-09-01,4645
ASP,2013-09-01,2554
Matlab,2013-09-01,11284
D,2013-09-01,6469
Go,2013-09-01,50543
C++,2013-09-01,299493
Ruby,2013-09-01,541035
Java,2013-09-01,623504
JavaScript,2013-09-01,1157436
CSS,2013-09-01,337288
C#,2013-09-01,121198
C,2013-09-01,290287
Objective-C,2013-09-01,138213
PHP,2013-09-01,481013
TypeScript,2013-09-01,10292
Delphi,2013-09-01,2794
Shell,2013-09-01,153538
ColdFusion,2013-09-01,2784
Python,2013-09-01,549521
XSLT,2013-09-01,5896
R,2013-09-01,17422
,2013-09-01,1367192
Ecl,2013-08-01,79
Pure Data,2013-08-01,257
wisp,2013-08-01,26
ooc,2013-08-01,179
XProc,2013-08-01,72
eC,2013-08-01,17
MoonScript,2013-08-01,65
Monkey,2013-08-01,53
CLIPS,2013-08-01,30
Bro,2013-08-01,65
Scilab,2013-08-01,98
Dylan,2013-08-01,443
Ada,2013-08-01,461
PogoScript,2013-08-01,10
HaXe,2013-08-01,290
Kotlin,2013-08-01,407
Vala,2013-08-01,1697
XQuery,2013-08-01,395
Boo,2013-08-01,46
DCPU-16-01 ASM,2013-08-01,33
Fancy,2013-08-01,8
Ragel in Ruby Host,2013-08-01,18
Self,2013-08-01,4
Arc,2013-08-01,81
Augeas,2013-08-01,155
XC,2013-08-01,48
Forth,2013-08-01,23
Nu,2013-08-01,13
Ceylon,2013-08-01,101
ABAP,2013-08-01,9
Max,2013-08-01,10
Pike,2013-08-01,6
Fantom,2013-08-01,2
Omgrofl,2013-08-01,3
Turing,2013-08-01,2
Opa,2013-08-01,3
Rouge,2013-08-01,4
Nemerle,2013-08-01,372
VimL,2013-08-01,57548
Scala,2013-08-01,112932
CoffeeScript,2013-08-01,50615
Arduino,2013-08-01,4639
TypeScript,2013-08-01,10813
XML,2013-08-01,1265
Haskell,2013-08-01,28037
Rust,2013-08-01,14105
Scheme,2013-08-01,5317
Assembly,2013-08-01,3083
LiveScript,2013-08-01,1298
Clojure,2013-08-01,24171
Common Lisp,2013-08-01,4518
CSS,2013-08-01,363979
PowerShell,2013-08-01,4139
,2013-08-01,1241579
C#,2013-08-01,128184
C,2013-08-01,300080
Objective-C,2013-08-01,143228
Java,2013-08-01,632565
ActionScript,2013-08-01,11339
Processing,2013-08-01,2915
ColdFusion,2013-08-01,2257
D,2013-08-01,7736
Visual Basic,2013-08-01,4198
Erlang,2013-08-01,17796
XSLT,2013-08-01,6538
VHDL,2013-08-01,1179
Mirah,2013-08-01,74
R,2013-08-01,17577
Haxe,2013-08-01,4126
JavaScript,2013-08-01,1244973
Emacs Lisp,2013-08-01,25948
Puppet,2013-08-01,16140
DOT,2013-08-01,1349
Groovy,2013-08-01,12901
FORTRAN,2013-08-01,3971
Julia,2013-08-01,6576
Lua,2013-08-01,25170
Tcl,2013-08-01,1062
Perl,2013-08-01,58139
SuperCollider,2013-08-01,583
Logos,2013-08-01,4075
Rebol,2013-08-01,109
Lasso,2013-08-01,915
F#,2013-08-01,2005
Smalltalk,2013-08-01,857
Io,2013-08-01,164
Prolog,2013-08-01,2387
Coq,2013-08-01,1083
Objective-J,2013-08-01,527
Racket,2013-08-01,2682
Apex,2013-08-01,1052
Factor,2013-08-01,311
Nimrod,2013-08-01,397
Slash,2013-08-01,358
Eiffel,2013-08-01,824
Xtend,2013-08-01,192
Gosu,2013-08-01,333
AppleScript,2013-08-01,271
Logtalk,2013-08-01,72
M,2013-08-01,397
Awk,2013-08-01,199
AutoHotkey,2013-08-01,1088
Shell,2013-08-01,166739
Go,2013-08-01,57020
C++,2013-08-01,320439
PHP,2013-08-01,501713
Ruby,2013-08-01,606056
Python,2013-08-01,607381
Elixir,2013-08-01,4463
Matlab,2013-08-01,10130
OCaml,2013-08-01,8338
ASP,2013-08-01,2478
Delphi,2013-08-01,3857
Parrot,2013-08-01,168
Verilog,2013-08-01,1592
Standard ML,2013-08-01,632
OpenEdge ABL,2013-08-01,788
Dart,2013-08-01,4058
Opa,2013-07-01,6
Arduino,2013-07-01,5339
Self,2013-07-01,4
Ioke,2013-07-01,1
Xtend,2013-07-01,287
Max,2013-07-01,61
Ecl,2013-07-01,24
Rebol,2013-07-01,120
Slash,2013-07-01,266
ABAP,2013-07-01,11
Boo,2013-07-01,48
CLIPS,2013-07-01,87
MoonScript,2013-07-01,78
Bro,2013-07-01,29
XProc,2013-07-01,232
Forth,2013-07-01,83
wisp,2013-07-01,6
Logtalk,2013-07-01,25
Parrot,2013-07-01,200
Fancy,2013-07-01,40
XQuery,2013-07-01,285
Mirah,2013-07-01,13
PogoScript,2013-07-01,27
CSS,2013-07-01,11819
ooc,2013-07-01,116
Ceylon,2013-07-01,88
Monkey,2013-07-01,13
Nu,2013-07-01,12
ColdFusion,2013-07-01,2805
Haskell,2013-07-01,23672
Dart,2013-07-01,5757
DOT,2013-07-01,1605
FORTRAN,2013-07-01,3912
Apex,2013-07-01,725
Groovy,2013-07-01,12964
Lasso,2013-07-01,1034
TypeScript,2013-07-01,11111
Julia,2013-07-01,7659
Nimrod,2013-07-01,627
Io,2013-07-01,171
Racket,2013-07-01,3035
OCaml,2013-07-01,6778
Assembly,2013-07-01,2886
Visual Basic,2013-07-01,4205
SuperCollider,2013-07-01,941
Delphi,2013-07-01,3882
Gosu,2013-07-01,223
Scilab,2013-07-01,217
Matlab,2013-07-01,10495
Logos,2013-07-01,4194
Augeas,2013-07-01,71
Perl,2013-07-01,60776
JavaScript,2013-07-01,1465584
Java,2013-07-01,651386
C,2013-07-01,285340
Python,2013-07-01,632092
Objective-C,2013-07-01,149310
Ruby,2013-07-01,656587
Lua,2013-07-01,24286
Puppet,2013-07-01,16331
Shell,2013-07-01,170131
Erlang,2013-07-01,13332
Emacs Lisp,2013-07-01,23052
Common Lisp,2013-07-01,4457
Rust,2013-07-01,11994
CoffeeScript,2013-07-01,50231
Clojure,2013-07-01,24816
C++,2013-07-01,320758
,2013-07-01,1176726
PHP,2013-07-01,521345
C#,2013-07-01,128368
Haxe,2013-07-01,4829
VimL,2013-07-01,55495
Eiffel,2013-07-01,310
Turing,2013-07-01,38
Tcl,2013-07-01,1163
LiveScript,2013-07-01,758
R,2013-07-01,17231
ActionScript,2013-07-01,11782
Scala,2013-07-01,48787
Go,2013-07-01,48732
Awk,2013-07-01,118
Arc,2013-07-01,175
DCPU-16-01 ASM,2013-07-01,61
OpenEdge ABL,2013-07-01,1223
XML,2013-07-01,1845
Dylan,2013-07-01,605
Ragel in Ruby Host,2013-07-01,94
eC,2013-07-01,23
XC,2013-07-01,97
Pike,2013-07-01,33
Objective-J,2013-07-01,565
Kotlin,2013-07-01,336
Pure Data,2013-07-01,582
Coq,2013-07-01,727
XSLT,2013-07-01,6169
Elixir,2013-07-01,4765
HaXe,2013-07-01,356
Processing,2013-07-01,2771
Prolog,2013-07-01,2809
Vala,2013-07-01,3079
Scheme,2013-07-01,10389
PowerShell,2013-07-01,3425
D,2013-07-01,6007
Smalltalk,2013-07-01,1227
Factor,2013-07-01,387
F#,2013-07-01,2872
Verilog,2013-07-01,1469
M,2013-07-01,349
Nemerle,2013-07-01,406
VHDL,2013-07-01,1601
Ada,2013-07-01,694
AutoHotkey,2013-07-01,1038
ASP,2013-07-01,3049
AppleScript,2013-07-01,325
Standard ML,2013-07-01,764
SuperCollider,2013-06-01,490
ASP,2013-06-01,3095
M,2013-06-01,265
LiveScript,2013-06-01,727
Monkey,2013-06-01,111
ooc,2013-06-01,40
Nemerle,2013-06-01,244
Haxe,2013-06-01,4466
ColdFusion,2013-06-01,3321
F#,2013-06-01,2924
Lasso,2013-06-01,1468
Arc,2013-06-01,146
FORTRAN,2013-06-01,3337
Matlab,2013-06-01,10549
Standard ML,2013-06-01,649
ActionScript,2013-06-01,10713
Julia,2013-06-01,7157
Gosu,2013-06-01,255
Pure Data,2013-06-01,319
PowerShell,2013-06-01,3561
XML,2013-06-01,2659
Rust,2013-06-01,10007
Assembly,2013-06-01,3854
Nimrod,2013-06-01,381
Arduino,2013-06-01,4863
Logos,2013-06-01,5802
Tcl,2013-06-01,919
Visual Basic,2013-06-01,3582
Scilab,2013-06-01,312
Scheme,2013-06-01,2958
CLIPS,2013-06-01,75
Parrot,2013-06-01,239
Objective-J,2013-06-01,706
AppleScript,2013-06-01,382
Io,2013-06-01,301
Kotlin,2013-06-01,147
Apex,2013-06-01,838
Ada,2013-06-01,456
Xtend,2013-06-01,210
eC,2013-06-01,11
Awk,2013-06-01,218
Ceylon,2013-06-01,135
AutoHotkey,2013-06-01,971
XSLT,2013-06-01,4173
XQuery,2013-06-01,298
MoonScript,2013-06-01,41
Boo,2013-06-01,152
Fancy,2013-06-01,25
Rouge,2013-06-01,1
Self,2013-06-01,2
Coq,2013-06-01,518
Pike,2013-06-01,12
Augeas,2013-06-01,72
Factor,2013-06-01,213
Vala,2013-06-01,1149
Verilog,2013-06-01,1455
DOT,2013-06-01,1310
Rebol,2013-06-01,176
Processing,2013-06-01,3897
XProc,2013-06-01,40
DCPU-16-01 ASM,2013-06-01,90
Smalltalk,2013-06-01,839
OpenEdge ABL,2013-06-01,564
Eiffel,2013-06-01,336
Ioke,2013-06-01,24
HaXe,2013-06-01,384
Forth,2013-06-01,42
Logtalk,2013-06-01,26
Python,2013-06-01,548917
Elixir,2013-06-01,4355
Erlang,2013-06-01,13745
,2013-06-01,1208160
Racket,2013-06-01,2961
Java,2013-06-01,627440
C,2013-06-01,274229
Ruby,2013-06-01,583769
Shell,2013-06-01,147028
Go,2013-06-01,41578
Scala,2013-06-01,42722
PHP,2013-06-01,474181
OCaml,2013-06-01,7944
JavaScript,2013-06-01,1274694
Ecl,2013-06-01,20
Ragel in Ruby Host,2013-06-01,57
PogoScript,2013-06-01,49
Mirah,2013-06-01,9
ABAP,2013-06-01,9
wisp,2013-06-01,7
Opa,2013-06-01,42
Bro,2013-06-01,10
Turing,2013-06-01,44
Nu,2013-06-01,19
Perl,2013-06-01,58065
TypeScript,2013-06-01,10164
Dart,2013-06-01,6002
Max,2013-06-01,37
Dylan,2013-06-01,210
D,2013-06-01,6515
Puppet,2013-06-01,14149
Haskell,2013-06-01,21914
VHDL,2013-06-01,1750
Common Lisp,2013-06-01,5632
C#,2013-06-01,122686
Groovy,2013-06-01,12299
R,2013-06-01,15847
Clojure,2013-06-01,22904
Delphi,2013-06-01,3896
Emacs Lisp,2013-06-01,21007
Objective-C,2013-06-01,128880
Prolog,2013-06-01,9225
Lua,2013-06-01,22819
VimL,2013-06-01,47190
CoffeeScript,2013-06-01,45048
C++,2013-06-01,290552
R,2013-05-01,15679
FORTRAN,2013-05-01,3597
Common Lisp,2013-05-01,4760
VHDL,2013-05-01,2422
XML,2013-05-01,6551
OCaml,2013-05-01,7219
PowerShell,2013-05-01,3011
ActionScript,2013-05-01,12251
Haxe,2013-05-01,14810
Elixir,2013-05-01,3001
Visual Basic,2013-05-01,3559
TypeScript,2013-05-01,10891
C#,2013-05-01,137637
F#,2013-05-01,2399
Nu,2013-05-01,16
CLIPS,2013-05-01,18
Max,2013-05-01,43
Augeas,2013-05-01,106
Assembly,2013-05-01,4321
Prolog,2013-05-01,2632
Matlab,2013-05-01,12649
Vala,2013-05-01,1836
XQuery,2013-05-01,357
ooc,2013-05-01,138
Logtalk,2013-05-01,149
ColdFusion,2013-05-01,3138
Verilog,2013-05-01,1636
Emacs Lisp,2013-05-01,24522
Processing,2013-05-01,3327
Lua,2013-05-01,23574
C,2013-05-01,292236
Perl,2013-05-01,59494
Puppet,2013-05-01,14046
Clojure,2013-05-01,24411
Rust,2013-05-01,11812
Logos,2013-05-01,6698
CoffeeScript,2013-05-01,47922
Shell,2013-05-01,154479
Python,2013-05-01,554833
Delphi,2013-05-01,4038
,2013-05-01,1083988
JavaScript,2013-05-01,1285508
PHP,2013-05-01,509346
Haskell,2013-05-01,22276
Java,2013-05-01,707009
C++,2013-05-01,334840
Ruby,2013-05-01,608295
VimL,2013-05-01,49469
Opa,2013-05-01,15
Standard ML,2013-05-01,11698
D,2013-05-01,5782
Erlang,2013-05-01,13719
Groovy,2013-05-01,11799
Go,2013-05-01,39896
Kotlin,2013-05-01,260
Omgrofl,2013-05-01,3
Objective-C,2013-05-01,142519
Eiffel,2013-05-01,392
Pike,2013-05-01,7
Boo,2013-05-01,77
Ada,2013-05-01,613
Io,2013-05-01,220
Rouge,2013-05-01,2
Scala,2013-05-01,45792
AutoHotkey,2013-05-01,892
AppleScript,2013-05-01,348
Ioke,2013-05-01,1
Bro,2013-05-01,14
Arc,2013-05-01,77
Tcl,2013-05-01,1039
LiveScript,2013-05-01,764
Parrot,2013-05-01,178
Rebol,2013-05-01,99
Nimrod,2013-05-01,438
HaXe,2013-05-01,512
Smalltalk,2013-05-01,1055
Gosu,2013-05-01,154
Dylan,2013-05-01,162
Coq,2013-05-01,1499
Fancy,2013-05-01,27
ABAP,2013-05-01,4
Xtend,2013-05-01,176
Monkey,2013-05-01,84
OpenEdge ABL,2013-05-01,463
Turing,2013-05-01,61
Forth,2013-05-01,32
MoonScript,2013-05-01,53
Scilab,2013-05-01,230
DCPU-16-01 ASM,2013-05-01,322
Nemerle,2013-05-01,342
Awk,2013-05-01,271
SuperCollider,2013-05-01,826
Ecl,2013-05-01,48
eC,2013-05-01,7
PogoScript,2013-05-01,24
Ragel in Ruby Host,2013-05-01,16
Ceylon,2013-05-01,124
Fantom,2013-05-01,6
Apex,2013-05-01,809
Lasso,2013-05-01,1440
Pure Data,2013-05-01,553
Mirah,2013-05-01,5
Julia,2013-05-01,6168
DOT,2013-05-01,1451
Racket,2013-05-01,2985
Objective-J,2013-05-01,666
Dart,2013-05-01,4983
ASP,2013-05-01,3506
Factor,2013-05-01,413
Arduino,2013-05-01,5354
Scheme,2013-05-01,3493
Self,2013-05-01,3
Arc,2013-04-01,121
Max,2013-04-01,11
Boo,2013-04-01,99
Self,2013-04-01,5
eC,2013-04-01,4
Rebol,2013-04-01,45
Turing,2013-04-01,52
Scilab,2013-04-01,113
Rouge,2013-04-01,11
ooc,2013-04-01,94
CLIPS,2013-04-01,44
Fancy,2013-04-01,7
Monkey,2013-04-01,68
Logtalk,2013-04-01,61
Dylan,2013-04-01,198
Bro,2013-04-01,21
ABAP,2013-04-01,10
Pike,2013-04-01,31
Ceylon,2013-04-01,118
Mirah,2013-04-01,5
AppleScript,2013-04-01,436
Dart,2013-04-01,6523
DOT,2013-04-01,1659
Julia,2013-04-01,6586
Rust,2013-04-01,7883
Ragel in Ruby Host,2013-04-01,68
Pure Data,2013-04-01,359
DCPU-16-01 ASM,2013-04-01,837
Gosu,2013-04-01,184
Augeas,2013-04-01,66
Xtend,2013-04-01,135
Awk,2013-04-01,185
XML,2013-04-01,7164
AutoHotkey,2013-04-01,743
Io,2013-04-01,149
C++,2013-04-01,325783
Haxe,2013-04-01,3774
Parrot,2013-04-01,200
HaXe,2013-04-01,585
Nu,2013-04-01,163
Apex,2013-04-01,761
Nimrod,2013-04-01,276
XQuery,2013-04-01,349
VimL,2013-04-01,53659
Python,2013-04-01,545126
Java,2013-04-01,695645
,2013-04-01,1198616
JavaScript,2013-04-01,1248438
C,2013-04-01,289253
C#,2013-04-01,130789
PHP,2013-04-01,501442
Groovy,2013-04-01,12261
Eiffel,2013-04-01,787
Ruby,2013-04-01,604376
Objective-C,2013-04-01,142332
D,2013-04-01,4641
Shell,2013-04-01,142986
Lua,2013-04-01,25329
Clojure,2013-04-01,22659
Matlab,2013-04-01,14345
Puppet,2013-04-01,13362
Go,2013-04-01,34239
TypeScript,2013-04-01,10361
Forth,2013-04-01,18
Ecl,2013-04-01,35
Vala,2013-04-01,1256
Verilog,2013-04-01,2325
PowerShell,2013-04-01,2964
Smalltalk,2013-04-01,1218
Kotlin,2013-04-01,398
Nemerle,2013-04-01,258
Visual Basic,2013-04-01,3849
F#,2013-04-01,2714
LiveScript,2013-04-01,758
Delphi,2013-04-01,3378
Ioke,2013-04-01,9
Processing,2013-04-01,4078
Prolog,2013-04-01,1954
Factor,2013-04-01,969
ColdFusion,2013-04-01,3385
Opa,2013-04-01,15
Fantom,2013-04-01,36
Arduino,2013-04-01,5366
ASP,2013-04-01,4238
Tcl,2013-04-01,728
OCaml,2013-04-01,6555
Racket,2013-04-01,2770
Assembly,2013-04-01,4164
Elixir,2013-04-01,1560
Haskell,2013-04-01,21973
OpenEdge ABL,2013-04-01,560
SuperCollider,2013-04-01,483
Coq,2013-04-01,2878
Ada,2013-04-01,740
CoffeeScript,2013-04-01,51110
FORTRAN,2013-04-01,3014
Objective-J,2013-04-01,862
R,2013-04-01,14967
Logos,2013-04-01,5950
ActionScript,2013-04-01,12223
Standard ML,2013-04-01,6913
MoonScript,2013-04-01,145
Emacs Lisp,2013-04-01,25918
Perl,2013-04-01,58350
Scheme,2013-04-01,3858
Lasso,2013-04-01,1623
PogoScript,2013-04-01,232
Scala,2013-04-01,46057
Erlang,2013-04-01,14983
VHDL,2013-04-01,2450
Common Lisp,2013-04-01,4935
Rebol,2013-03-01,85
C,2013-03-01,288989
Ruby,2013-03-01,590734
Nu,2013-03-01,16
C++,2013-03-01,277404
Python,2013-03-01,524146
Scilab,2013-03-01,168
Nimrod,2013-03-01,235
Logtalk,2013-03-01,153
Fantom,2013-03-01,33
Nemerle,2013-03-01,317
ABAP,2013-03-01,4
Max,2013-03-01,8
Pike,2013-03-01,9
Ragel in Ruby Host,2013-03-01,3
C#,2013-03-01,118749
Scala,2013-03-01,40270
Julia,2013-03-01,6975
VimL,2013-03-01,52260
Shell,2013-03-01,137059
Ioke,2013-03-01,17
CLIPS,2013-03-01,93
Vala,2013-03-01,987
Groovy,2013-03-01,11696
Perl,2013-03-01,59402
Haskell,2013-03-01,23968
Java,2013-03-01,659667
Turing,2013-03-01,29
Objective-C,2013-03-01,167473
Emacs Lisp,2013-03-01,24905
CoffeeScript,2013-03-01,48390
Mirah,2013-03-01,9
PHP,2013-03-01,489240
Rust,2013-03-01,7823
JavaScript,2013-03-01,1219638
,2013-03-01,1219581
Assembly,2013-03-01,3739
Logos,2013-03-01,3422
ColdFusion,2013-03-01,2843
Processing,2013-03-01,1320
Arduino,2013-03-01,4215
Factor,2013-03-01,1013
TypeScript,2013-03-01,5953
F#,2013-03-01,2735
HaXe,2013-03-01,1883
Ada,2013-03-01,483
Smalltalk,2013-03-01,960
Verilog,2013-03-01,2091
Standard ML,2013-03-01,689
Apex,2013-03-01,726
XQuery,2013-03-01,457
Objective-J,2013-03-01,1656
Elixir,2013-03-01,1222
Dylan,2013-03-01,338
Kotlin,2013-03-01,340
PowerShell,2013-03-01,3082
Pure Data,2013-03-01,299
XML,2013-03-01,5306
D,2013-03-01,6063
Lasso,2013-03-01,2498
ASP,2013-03-01,2997
Lua,2013-03-01,24150
Puppet,2013-03-01,12509
Common Lisp,2013-03-01,4690
Matlab,2013-03-01,12440
Delphi,2013-03-01,3959
ActionScript,2013-03-01,12169
Coq,2013-03-01,599
FORTRAN,2013-03-01,2685
Tcl,2013-03-01,985
OCaml,2013-03-01,6671
Erlang,2013-03-01,15166
Prolog,2013-03-01,1993
Visual Basic,2013-03-01,3381
Racket,2013-03-01,3099
Gosu,2013-03-01,203
Scheme,2013-03-01,3907
Augeas,2013-03-01,88
Bro,2013-03-01,38
Monkey,2013-03-01,81
Ecl,2013-03-01,14
Self,2013-03-01,8
Ceylon,2013-03-01,302
Io,2013-03-01,189
ooc,2013-03-01,452
SuperCollider,2013-03-01,279
Eiffel,2013-03-01,842
Awk,2013-03-01,136
Xtend,2013-03-01,198
Opa,2013-03-01,4
LiveScript,2013-03-01,536
PogoScript,2013-03-01,10
Forth,2013-03-01,11
Fancy,2013-03-01,20
Dart,2013-03-01,5049
Boo,2013-03-01,85
DCPU-16-01 ASM,2013-03-01,217
AppleScript,2013-03-01,389
DOT,2013-03-01,705
Arc,2013-03-01,110
eC,2013-03-01,20
TXL,2013-03-01,1
VHDL,2013-03-01,2241
OpenEdge ABL,2013-03-01,560
Parrot,2013-03-01,311
R,2013-03-01,13885
Go,2013-03-01,30343
AutoHotkey,2013-03-01,619
Clojure,2013-03-01,25294
Haxe,2013-03-01,1972
CoffeeScript,2013-02-01,40437
Delphi,2013-02-01,2579
Erlang,2013-02-01,11603
VimL,2013-02-01,40597
ActionScript,2013-02-01,9643
XQuery,2013-02-01,437
Standard ML,2013-02-01,485
Java,2013-02-01,480296
Shell,2013-02-01,112592
Clojure,2013-02-01,15734
Matlab,2013-02-01,6372
Julia,2013-02-01,5195
Lua,2013-02-01,17243
Go,2013-02-01,16776
Scala,2013-02-01,37530
Groovy,2013-02-01,10934
Perl,2013-02-01,49153
Rust,2013-02-01,6288
C++,2013-02-01,229302
C,2013-02-01,231151
Objective-C,2013-02-01,119365
Racket,2013-02-01,2780
Common Lisp,2013-02-01,3696
HaXe,2013-02-01,2151
Verilog,2013-02-01,913
Arduino,2013-02-01,2888
FORTRAN,2013-02-01,1970
Elixir,2013-02-01,1360
Dart,2013-02-01,3926
ASP,2013-02-01,1582
ColdFusion,2013-02-01,2364
Haskell,2013-02-01,18035
Vala,2013-02-01,643
Coq,2013-02-01,631
F#,2013-02-01,2061
Puppet,2013-02-01,8629
Scilab,2013-02-01,157
Apex,2013-02-01,529
Prolog,2013-02-01,1497
Objective-J,2013-02-01,2712
PowerShell,2013-02-01,1847
VHDL,2013-02-01,1150
Kotlin,2013-02-01,456
Tcl,2013-02-01,908
Assembly,2013-02-01,2669
R,2013-02-01,10050
D,2013-02-01,5696
OCaml,2013-02-01,5567
OpenEdge ABL,2013-02-01,750
Emacs Lisp,2013-02-01,20110
Scheme,2013-02-01,2071
Visual Basic,2013-02-01,2622
ooc,2013-02-01,235
Ecl,2013-02-01,51
Boo,2013-02-01,67
Factor,2013-02-01,203
AppleScript,2013-02-01,239
Pure Data,2013-02-01,222
Fancy,2013-02-01,18
Arc,2013-02-01,130
Nimrod,2013-02-01,4
Io,2013-02-01,200
Self,2013-02-01,60
Ada,2013-02-01,501
Ceylon,2013-02-01,323
eC,2013-02-01,42
Ioke,2013-02-01,13
Opa,2013-02-01,12
Mirah,2013-02-01,10
Turing,2013-02-01,17
Logtalk,2013-02-01,118
Nemerle,2013-02-01,10276
Gosu,2013-02-01,121
Bro,2013-02-01,114
Smalltalk,2013-02-01,938
Max,2013-02-01,7
Nu,2013-02-01,7
Rebol,2013-02-01,76
AutoHotkey,2013-02-01,328
C#,2013-02-01,91297
Python,2013-02-01,406508
Fantom,2013-02-01,9
SuperCollider,2013-02-01,137
JavaScript,2013-02-01,944989
PHP,2013-02-01,405954
Ruby,2013-02-01,459877
,2013-02-01,1505580
Augeas,2013-02-01,30
Dylan,2013-02-01,144
Eiffel,2013-02-01,242
DCPU-16-01 ASM,2013-02-01,246
Parrot,2013-02-01,312
Ada,2013-01-01,493
Apex,2013-01-01,463
XQuery,2013-01-01,407
Arc,2013-01-01,27
Mirah,2013-01-01,36
Nimrod,2013-01-01,12
Nu,2013-01-01,7
Nemerle,2013-01-01,193
Max/MSP,2013-01-01,1
Max,2013-01-01,74
Scilab,2013-01-01,341
Opa,2013-01-01,31
ASP,2013-01-01,1640
Rebol,2013-01-01,92
Gosu,2013-01-01,116
Eiffel,2013-01-01,261
Puppet,2013-01-01,8148
DCPU-16-01 ASM,2013-01-01,215
Matlab,2013-01-01,6884
Groovy,2013-01-01,10865
Dart,2013-01-01,3768
Prolog,2013-01-01,1952
Smalltalk,2013-01-01,1098
Racket,2013-01-01,2989
Verilog,2013-01-01,1076
Tcl,2013-01-01,910
Delphi,2013-01-01,2717
OCaml,2013-01-01,5337
Lua,2013-01-01,20571
Visual Basic,2013-01-01,2096
Assembly,2013-01-01,2519
Parrot,2013-01-01,278
Fancy,2013-01-01,13
ooc,2013-01-01,137
Objective-J,2013-01-01,1217
Fantom,2013-01-01,1
Ioke,2013-01-01,15
Vala,2013-01-01,698
Kotlin,2013-01-01,344
Ceylon,2013-01-01,102
Dylan,2013-01-01,118
Io,2013-01-01,91
Logtalk,2013-01-01,85
VHDL,2013-01-01,746
Coq,2013-01-01,373
AppleScript,2013-01-01,406
Common Lisp,2013-01-01,3936
Augeas,2013-01-01,131
Standard ML,2013-01-01,436
PowerShell,2013-01-01,2141
HaXe,2013-01-01,2199
D,2013-01-01,5278
Haskell,2013-01-01,19674
Objective-C,2013-01-01,136300
Shell,2013-01-01,114665
SuperCollider,2013-01-01,63
Emacs Lisp,2013-01-01,21850
Factor,2013-01-01,230
ActionScript,2013-01-01,12551
C#,2013-01-01,89375
C++,2013-01-01,222282
Clojure,2013-01-01,18073
R,2013-01-01,10482
,2013-01-01,1260958
OpenEdge ABL,2013-01-01,739
Erlang,2013-01-01,13378
Self,2013-01-01,77
AutoHotkey,2013-01-01,328
Pure Data,2013-01-01,139
Arduino,2013-01-01,3185
VimL,2013-01-01,41046
Scala,2013-01-01,43132
Rust,2013-01-01,3904
FORTRAN,2013-01-01,2303
Julia,2013-01-01,4863
CoffeeScript,2013-01-01,36084
Java,2013-01-01,499898
eC,2013-01-01,6
F#,2013-01-01,1694
Ruby,2013-01-01,470292
ColdFusion,2013-01-01,1972
Elixir,2013-01-01,1409
Go,2013-01-01,20077
PHP,2013-01-01,419171
Turing,2013-01-01,62
Ecl,2013-01-01,22
Boo,2013-01-01,117
Bro,2013-01-01,15
Scheme,2013-01-01,1863
Python,2013-01-01,404530
Perl,2013-01-01,47119
JavaScript,2013-01-01,949469
C,2013-01-01,241718
Emacs Lisp,2012-12-01,18107
C,2012-12-01,216456
C#,2012-12-01,85345
Java,2012-12-01,453368
Python,2012-12-01,364831
ooc,2012-12-01,342
Puppet,2012-12-01,7380
Objective-C,2012-12-01,104612
ActionScript,2012-12-01,9878
Perl,2012-12-01,41727
Shell,2012-12-01,98768
PHP,2012-12-01,352489
,2012-12-01,878436
Ruby,2012-12-01,428177
Fancy,2012-12-01,30
Fantom,2012-12-01,3
Mirah,2012-12-01,36
C++,2012-12-01,203528
Bro,2012-12-01,3
Ioke,2012-12-01,14
JavaScript,2012-12-01,794473
Nimrod,2012-12-01,57
Delphi,2012-12-01,2648
F#,2012-12-01,2352
Tcl,2012-12-01,707
Racket,2012-12-01,2488
Dart,2012-12-01,2646
Visual Basic,2012-12-01,2218
FORTRAN,2012-12-01,1966
AutoHotkey,2012-12-01,355
Julia,2012-12-01,5216
Vala,2012-12-01,674
AppleScript,2012-12-01,391
PowerShell,2012-12-01,2148
ASP,2012-12-01,1723
Ada,2012-12-01,438
Smalltalk,2012-12-01,562
Max,2012-12-01,53
Eiffel,2012-12-01,400
Elixir,2012-12-01,948
Logtalk,2012-12-01,150
SuperCollider,2012-12-01,79
VHDL,2012-12-01,756
Coq,2012-12-01,394
Apex,2012-12-01,376
Augeas,2012-12-01,161
CoffeeScript,2012-12-01,29734
Scala,2012-12-01,33340
Haskell,2012-12-01,19660
R,2012-12-01,9691
Groovy,2012-12-01,9170
Gosu,2012-12-01,100
HaXe,2012-12-01,1669
Matlab,2012-12-01,4490
Go,2012-12-01,18763
Erlang,2012-12-01,11078
Assembly,2012-12-01,2356
D,2012-12-01,4674
Lua,2012-12-01,19713
OCaml,2012-12-01,6230
Rust,2012-12-01,3118
Clojure,2012-12-01,15426
VimL,2012-12-01,36378
ColdFusion,2012-12-01,2413
Io,2012-12-01,78
Arduino,2012-12-01,3282
Common Lisp,2012-12-01,3893
Prolog,2012-12-01,1193
Verilog,2012-12-01,877
Scheme,2012-12-01,2525
Nu,2012-12-01,14
Arc,2012-12-01,51
Scilab,2012-12-01,198
Factor,2012-12-01,146
Self,2012-12-01,29
Opa,2012-12-01,21
Turing,2012-12-01,42
DCPU-16-01 ASM,2012-12-01,232
Rebol,2012-12-01,40
Boo,2012-12-01,86
Ecl,2012-12-01,53
Pure Data,2012-12-01,180
OpenEdge ABL,2012-12-01,685
Ceylon,2012-12-01,58
Dylan,2012-12-01,275
Parrot,2012-12-01,184
XQuery,2012-12-01,246
eC,2012-12-01,1
Objective-J,2012-12-01,454
Nemerle,2012-12-01,97
Standard ML,2012-12-01,614
Kotlin,2012-12-01,214
AppleScript,2012-11-01,169
Rebol,2012-11-01,79
Logtalk,2012-11-01,151
Objective-J,2012-11-01,561
SuperCollider,2012-11-01,197
Ada,2012-11-01,176
Coq,2012-11-01,356
VHDL,2012-11-01,1054
Delphi,2012-11-01,2264
ooc,2012-11-01,157
Smalltalk,2012-11-01,686
Go,2012-11-01,16890
Standard ML,2012-11-01,380
Max,2012-11-01,25
Opa,2012-11-01,53
Factor,2012-11-01,100
CoffeeScript,2012-11-01,27953
Boo,2012-11-01,170
Haskell,2012-11-01,23824
ActionScript,2012-11-01,10831
Dylan,2012-11-01,262
Gosu,2012-11-01,39
Groovy,2012-11-01,10069
Matlab,2012-11-01,3858
ASP,2012-11-01,2377
ColdFusion,2012-11-01,2499
Puppet,2012-11-01,8947
Apex,2012-11-01,855
Julia,2012-11-01,3019
Verilog,2012-11-01,1205
Erlang,2012-11-01,14247
Ceylon,2012-11-01,81
Dart,2012-11-01,4205
Lua,2012-11-01,19527
AutoHotkey,2012-11-01,466
Io,2012-11-01,57
Bro,2012-11-01,24
Nu,2012-11-01,82
Nimrod,2012-11-01,30
Arc,2012-11-01,92
Kotlin,2012-11-01,148
Scilab,2012-11-01,167
Parrot,2012-11-01,191
Fantom,2012-11-01,2
Clojure,2012-11-01,15463
Fancy,2012-11-01,9
Mirah,2012-11-01,9
Ioke,2012-11-01,18
C#,2012-11-01,90877
VimL,2012-11-01,40884
PowerShell,2012-11-01,1823
HaXe,2012-11-01,2295
Racket,2012-11-01,3121
eC,2012-11-01,2
Arduino,2012-11-01,2897
Common Lisp,2012-11-01,4223
Augeas,2012-11-01,68
FORTRAN,2012-11-01,2121
Ecl,2012-11-01,23
Pure Data,2012-11-01,210
Turing,2012-11-01,4
Assembly,2012-11-01,2660
Vala,2012-11-01,788
OpenEdge ABL,2012-11-01,683
Elixir,2012-11-01,968
D,2012-11-01,5675
F#,2012-11-01,2499
DCPU-16-01 ASM,2012-11-01,183
,2012-11-01,1045877
Prolog,2012-11-01,1129
Tcl,2012-11-01,563
OCaml,2012-11-01,5077
Perl,2012-11-01,47321
Scheme,2012-11-01,1859
Shell,2012-11-01,95866
R,2012-11-01,9517
C,2012-11-01,220673
Scala,2012-11-01,33247
JavaScript,2012-11-01,815355
Ruby,2012-11-01,444255
Python,2012-11-01,380688
C++,2012-11-01,207987
Rust,2012-11-01,2625
Java,2012-11-01,473374
Self,2012-11-01,11
Emacs Lisp,2012-11-01,17997
Visual Basic,2012-11-01,2702
PHP,2012-11-01,369198
Nemerle,2012-11-01,137
Objective-C,2012-11-01,104328
Eiffel,2012-11-01,339
XQuery,2012-11-01,320
Ceylon,2012-10-01,92
AppleScript,2012-10-01,183
Nu,2012-10-01,59
Logtalk,2012-10-01,102
Ioke,2012-10-01,26
Self,2012-10-01,2
Nimrod,2012-10-01,44
Ecl,2012-10-01,47
Augeas,2012-10-01,47
Rebol,2012-10-01,44
Fancy,2012-10-01,42
Turing,2012-10-01,30
Io,2012-10-01,49
HaXe,2012-10-01,2663
Boo,2012-10-01,93
Bro,2012-10-01,32
Eiffel,2012-10-01,329
PowerShell,2012-10-01,2127
Mirah,2012-10-01,6
VHDL,2012-10-01,740
Matlab,2012-10-01,3104
Scilab,2012-10-01,108
Apex,2012-10-01,496
Verilog,2012-10-01,1074
Elixir,2012-10-01,1426
SuperCollider,2012-10-01,160
ColdFusion,2012-10-01,2027
Standard ML,2012-10-01,333
Racket,2012-10-01,2224
OCaml,2012-10-01,5468
Prolog,2012-10-01,1510
Objective-J,2012-10-01,309
D,2012-10-01,6704
XQuery,2012-10-01,160
Gosu,2012-10-01,65
Opa,2012-10-01,151
Tcl,2012-10-01,538
Vala,2012-10-01,597
AutoHotkey,2012-10-01,526
Pure Data,2012-10-01,230
Ada,2012-10-01,227
ooc,2012-10-01,8
Parrot,2012-10-01,261
Max,2012-10-01,30
FORTRAN,2012-10-01,2216
Factor,2012-10-01,453
Arduino,2012-10-01,2691
Kotlin,2012-10-01,151
Delphi,2012-10-01,2512
ASP,2012-10-01,2048
F#,2012-10-01,1972
Smalltalk,2012-10-01,490
DCPU-16-01 ASM,2012-10-01,388
Fantom,2012-10-01,11
PHP,2012-10-01,352439
Perl,2012-10-01,48059
Visual Basic,2012-10-01,2856
Haskell,2012-10-01,17205
C,2012-10-01,227209
VimL,2012-10-01,40121
Java,2012-10-01,458379
C++,2012-10-01,191217
C#,2012-10-01,83355
Python,2012-10-01,389039
Emacs Lisp,2012-10-01,18834
,2012-10-01,914898
Shell,2012-10-01,95716
JavaScript,2012-10-01,818007
Ruby,2012-10-01,446815
Dylan,2012-10-01,93
Coq,2012-10-01,526
OpenEdge ABL,2012-10-01,693
Arc,2012-10-01,30
Clojure,2012-10-01,17427
Scheme,2012-10-01,2114
Common Lisp,2012-10-01,4503
Puppet,2012-10-01,9348
CoffeeScript,2012-10-01,27421
Go,2012-10-01,19147
Groovy,2012-10-01,9465
Nemerle,2012-10-01,205
Assembly,2012-10-01,2615
Lua,2012-10-01,18043
Julia,2012-10-01,2683
Dart,2012-10-01,3778
Erlang,2012-10-01,12533
Rust,2012-10-01,3241
Scala,2012-10-01,30564
ActionScript,2012-10-01,9983
R,2012-10-01,9195
Objective-C,2012-10-01,98915
Turing,2012-09-01,14
Objective-J,2012-09-01,729
Fancy,2012-09-01,81
JavaScript,2012-09-01,979797
Self,2012-09-01,1
AppleScript,2012-09-01,177
Ecl,2012-09-01,13
Ceylon,2012-09-01,29
Opa,2012-09-01,40
Boo,2012-09-01,27
Kotlin,2012-09-01,169
Bro,2012-09-01,23
Logtalk,2012-09-01,80
Io,2012-09-01,58
Apex,2012-09-01,676
FORTRAN,2012-09-01,1974
ColdFusion,2012-09-01,2912
Visual Basic,2012-09-01,3442
PowerShell,2012-09-01,2063
Dart,2012-09-01,2980
ASP,2012-09-01,2171
Standard ML,2012-09-01,343
Julia,2012-09-01,2408
Tcl,2012-09-01,736
HaXe,2012-09-01,2301
Nemerle,2012-09-01,505
VHDL,2012-09-01,879
Arduino,2012-09-01,3785
Rust,2012-09-01,4254
Vala,2012-09-01,1060
Common Lisp,2012-09-01,4627
Racket,2012-09-01,1878
Parrot,2012-09-01,372
Dylan,2012-09-01,296
F#,2012-09-01,1521
Max/MSP,2012-09-01,1
Gosu,2012-09-01,57
Ioke,2012-09-01,46
Max,2012-09-01,14
Augeas,2012-09-01,20
Mirah,2012-09-01,21
Nu,2012-09-01,99
Fantom,2012-09-01,33
Arc,2012-09-01,52
ooc,2012-09-01,6
Elixir,2012-09-01,1380
AutoHotkey,2012-09-01,544
Groovy,2012-09-01,10461
Java,2012-09-01,485247
PHP,2012-09-01,434060
Ruby,2012-09-01,533329
,2012-09-01,1333297
Python,2012-09-01,476940
C,2012-09-01,258430
Perl,2012-09-01,71919
Objective-C,2012-09-01,115950
C++,2012-09-01,229023
Puppet,2012-09-01,8773
Shell,2012-09-01,111543
VimL,2012-09-01,55673
Haskell,2012-09-01,22509
Emacs Lisp,2012-09-01,25951
CoffeeScript,2012-09-01,34716
Rebol,2012-09-01,229
Clojure,2012-09-01,19704
Scala,2012-09-01,40578
D,2012-09-01,6575
Lua,2012-09-01,27668
C#,2012-09-01,98004
ActionScript,2012-09-01,12650
Matlab,2012-09-01,3445
Prolog,2012-09-01,1649
R,2012-09-01,10640
Delphi,2012-09-01,2827
OCaml,2012-09-01,6085
Erlang,2012-09-01,11444
Go,2012-09-01,22393
Assembly,2012-09-01,2193
Scheme,2012-09-01,2333
Eiffel,2012-09-01,240
XQuery,2012-09-01,388
Ada,2012-09-01,182
Nimrod,2012-09-01,51
Pure Data,2012-09-01,215
Factor,2012-09-01,1238
Scilab,2012-09-01,254
Smalltalk,2012-09-01,1061
OpenEdge ABL,2012-09-01,945
SuperCollider,2012-09-01,162
Verilog,2012-09-01,975
Coq,2012-09-01,566
DCPU-16-01 ASM,2012-09-01,176
Eiffel,2012-08-01,448
AutoHotkey,2012-08-01,10428
Vala,2012-08-01,1846
SuperCollider,2012-08-01,360
Lua,2012-08-01,45016
VHDL,2012-08-01,1826
Nemerle,2012-08-01,1350
Visual Basic,2012-08-01,5068
OpenEdge ABL,2012-08-01,858
Apex,2012-08-01,1546
AppleScript,2012-08-01,358
DCPU-16-01 ASM,2012-08-01,124
Bro,2012-08-01,186
Scilab,2012-08-01,500
Standard ML,2012-08-01,996
Tcl,2012-08-01,1006
Objective-C,2012-08-01,258000
Turing,2012-08-01,86
Nu,2012-08-01,40
Ruby,2012-08-01,1081040
Perl,2012-08-01,446124
,2012-08-01,2358302
JavaScript,2012-08-01,2002074
Shell,2012-08-01,215214
Scala,2012-08-01,95448
Smalltalk,2012-08-01,1178
Emacs Lisp,2012-08-01,51208
C++,2012-08-01,475714
PHP,2012-08-01,859640
Gosu,2012-08-01,384
Python,2012-08-01,918574
Java,2012-08-01,976466
Matlab,2012-08-01,6142
Fantom,2012-08-01,32
Rebol,2012-08-01,114
Arc,2012-08-01,110
Parrot,2012-08-01,894
Ceylon,2012-08-01,78
XQuery,2012-08-01,472
Opa,2012-08-01,220
Ada,2012-08-01,208
Boo,2012-08-01,114
C#,2012-08-01,192112
ooc,2012-08-01,630
R,2012-08-01,20682
Nimrod,2012-08-01,262
Groovy,2012-08-01,19148
OCaml,2012-08-01,11002
Common Lisp,2012-08-01,8562
PowerShell,2012-08-01,3522
Rust,2012-08-01,8400
Self,2012-08-01,10
Max/MSP,2012-08-01,4
Kotlin,2012-08-01,306
Objective-J,2012-08-01,1966
C,2012-08-01,493798
ActionScript,2012-08-01,28242
Erlang,2012-08-01,24906
Go,2012-08-01,38478
F#,2012-08-01,3580
Puppet,2012-08-01,19144
VimL,2012-08-01,107786
Clojure,2012-08-01,44752
ColdFusion,2012-08-01,5444
Haskell,2012-08-01,46196
eC,2012-08-01,2
CoffeeScript,2012-08-01,75762
ASP,2012-08-01,3712
Racket,2012-08-01,6176
Coq,2012-08-01,974
Dylan,2012-08-01,1298
Logtalk,2012-08-01,102
Augeas,2012-08-01,138
Factor,2012-08-01,2130
FORTRAN,2012-08-01,5092
Elixir,2012-08-01,1652
Prolog,2012-08-01,2692
Arduino,2012-08-01,5340
HaXe,2012-08-01,7646
Verilog,2012-08-01,1382
Delphi,2012-08-01,5100
Pure Data,2012-08-01,238
Dart,2012-08-01,5618
Max,2012-08-01,46
Io,2012-08-01,208
D,2012-08-01,10800
Scheme,2012-08-01,4208
Fancy,2012-08-01,116
Ioke,2012-08-01,76
Julia,2012-08-01,6500
Assembly,2012-08-01,4590
Mirah,2012-08-01,30
Ceylon,2012-07-01,30
Max/MSP,2012-07-01,6
Fantom,2012-07-01,8
eC,2012-07-01,4
Assembly,2012-07-01,3196
Bro,2012-07-01,20
Nu,2012-07-01,16
ooc,2012-07-01,16
ColdFusion,2012-07-01,4682
VimL,2012-07-01,78282
VHDL,2012-07-01,714
Objective-C,2012-07-01,181358
C++,2012-07-01,331440
Perl,2012-07-01,76364
Objective-J,2012-07-01,2380
Ioke,2012-07-01,56
Java,2012-07-01,661400
Erlang,2012-07-01,19136
Scala,2012-07-01,52626
Ruby,2012-07-01,746776
Augeas,2012-07-01,166
Gosu,2012-07-01,180
CoffeeScript,2012-07-01,50440
HaXe,2012-07-01,5196
Lua,2012-07-01,22718
Verilog,2012-07-01,1016
Puppet,2012-07-01,11834
Haskell,2012-07-01,29596
Common Lisp,2012-07-01,5202
Standard ML,2012-07-01,938
Python,2012-07-01,624712
PHP,2012-07-01,589462
Mirah,2012-07-01,10
Elixir,2012-07-01,1154
OpenEdge ABL,2012-07-01,408
PowerShell,2012-07-01,2166
Tcl,2012-07-01,1084
,2012-07-01,2235876
JavaScript,2012-07-01,1254072
C#,2012-07-01,132296
Shell,2012-07-01,178068
Clojure,2012-07-01,30124
Go,2012-07-01,22864
Nimrod,2012-07-01,484
C,2012-07-01,345266
Parrot,2012-07-01,640
Smalltalk,2012-07-01,1780
SuperCollider,2012-07-01,470
Dylan,2012-07-01,84
Emacs Lisp,2012-07-01,33946
Kotlin,2012-07-01,596
F#,2012-07-01,1964
Turing,2012-07-01,148
AutoHotkey,2012-07-01,820
Delphi,2012-07-01,3414
Factor,2012-07-01,1802
Arc,2012-07-01,146
Arduino,2012-07-01,4264
OCaml,2012-07-01,8064
FORTRAN,2012-07-01,3038
Rust,2012-07-01,6410
Fancy,2012-07-01,24
Scheme,2012-07-01,3084
Dart,2012-07-01,1730
Opa,2012-07-01,234
Scilab,2012-07-01,506
Io,2012-07-01,138
Eiffel,2012-07-01,444
XQuery,2012-07-01,360
R,2012-07-01,14456
Julia,2012-07-01,3636
Pure Data,2012-07-01,262
Self,2012-07-01,76
Apex,2012-07-01,768
Rebol,2012-07-01,30
Boo,2012-07-01,66
Ada,2012-07-01,272
Visual Basic,2012-07-01,3310
D,2012-07-01,11828
ActionScript,2012-07-01,17164
DCPU-16-01 ASM,2012-07-01,848
Nemerle,2012-07-01,1148
Prolog,2012-07-01,1472
Matlab,2012-07-01,6740
Vala,2012-07-01,1448
Coq,2012-07-01,888
Groovy,2012-07-01,16400
Logtalk,2012-07-01,6
Racket,2012-07-01,2142
ASP,2012-07-01,3912
SuperCollider,2012-06-01,396
Vala,2012-06-01,2579
OpenEdge ABL,2012-06-01,410
Nu,2012-06-01,10
Scheme,2012-06-01,2965
Clojure,2012-06-01,32220
Arc,2012-06-01,121
Mirah,2012-06-01,643
Objective-J,2012-06-01,2516
Self,2012-06-01,124
Rust,2012-06-01,6298
ColdFusion,2012-06-01,4891
AutoHotkey,2012-06-01,934
Elixir,2012-06-01,1809
Nimrod,2012-06-01,308
Eiffel,2012-06-01,847
Arduino,2012-06-01,4141
Assembly,2012-06-01,4771
Lua,2012-06-01,22641
OCaml,2012-06-01,7441
Julia,2012-06-01,3454
ASP,2012-06-01,2508
Verilog,2012-06-01,1348
Rebol,2012-06-01,140
Dart,2012-06-01,2109
Visual Basic,2012-06-01,4235
Emacs Lisp,2012-06-01,34448
F#,2012-06-01,2144
Groovy,2012-06-01,20255
R,2012-06-01,16137
Common Lisp,2012-06-01,7164
Delphi,2012-06-01,4742
Go,2012-06-01,17914
VHDL,2012-06-01,2710
Racket,2012-06-01,2628
Scilab,2012-06-01,744
Coq,2012-06-01,1313
Ruby,2012-06-01,868862
ActionScript,2012-06-01,20358
PHP,2012-06-01,651394
Puppet,2012-06-01,12602
JavaScript,2012-06-01,1471924
,2012-06-01,2443555
Erlang,2012-06-01,25859
Nemerle,2012-06-01,557
Objective-C,2012-06-01,172899
CoffeeScript,2012-06-01,58493
C#,2012-06-01,154808
Java,2012-06-01,764944
Python,2012-06-01,695979
C,2012-06-01,453344
C++,2012-06-01,382032
Shell,2012-06-01,165036
Max/MSP,2012-06-01,134
Kotlin,2012-06-01,408
D,2012-06-01,10804
Perl,2012-06-01,88987
Haskell,2012-06-01,32783
VimL,2012-06-01,77604
HaXe,2012-06-01,5336
Scala,2012-06-01,66323
Prolog,2012-06-01,2238
Matlab,2012-06-01,11231
Tcl,2012-06-01,1337
Bro,2012-06-01,26
Augeas,2012-06-01,58
Gosu,2012-06-01,74
Fancy,2012-06-01,93
DCPU-16-01 ASM,2012-06-01,631
Parrot,2012-06-01,808
FORTRAN,2012-06-01,3703
XQuery,2012-06-01,711
Boo,2012-06-01,78
Smalltalk,2012-06-01,2781
ooc,2012-06-01,245
Pure Data,2012-06-01,357
Io,2012-06-01,163
Turing,2012-06-01,108
Opa,2012-06-01,127
PowerShell,2012-06-01,3432
Factor,2012-06-01,755
Apex,2012-06-01,576
Standard ML,2012-06-01,609
Ioke,2012-06-01,57
Ada,2012-06-01,778
Dylan,2012-06-01,143
Bro,2012-05-01,87
ooc,2012-05-01,393
FORTRAN,2012-05-01,4233
PowerShell,2012-05-01,3873
VHDL,2012-05-01,2880
Gosu,2012-05-01,105
F#,2012-05-01,2916
Erlang,2012-05-01,32541
Common Lisp,2012-05-01,9183
AutoHotkey,2012-05-01,1110
Matlab,2012-05-01,19470
Lua,2012-05-01,27051
Augeas,2012-05-01,60
Max/MSP,2012-05-01,102
Rebol,2012-05-01,24
Dart,2012-05-01,3375
Delphi,2012-05-01,5721
C#,2012-05-01,203250
Clojure,2012-05-01,42348
Puppet,2012-05-01,16524
VimL,2012-05-01,100134
C++,2012-05-01,473328
R,2012-05-01,18231
Perl,2012-05-01,116607
ActionScript,2012-05-01,26514
Objective-C,2012-05-01,242727
Rust,2012-05-01,5355
Elixir,2012-05-01,2064
CoffeeScript,2012-05-01,69186
Julia,2012-05-01,7236
D,2012-05-01,14739
Go,2012-05-01,23484
Opa,2012-05-01,237
Ada,2012-05-01,990
Arduino,2012-05-01,4632
Python,2012-05-01,866277
,2012-05-01,2535783
Ruby,2012-05-01,1137336
C,2012-05-01,520233
Haskell,2012-05-01,52305
Racket,2012-05-01,3735
Scala,2012-05-01,83100
HaXe,2012-05-01,4950
JavaScript,2012-05-01,1784595
Java,2012-05-01,1045377
Fantom,2012-05-01,9
Shell,2012-05-01,220089
Emacs Lisp,2012-05-01,39807
PHP,2012-05-01,819522
OCaml,2012-05-01,12540
eC,2012-05-01,9
Verilog,2012-05-01,1803
Nemerle,2012-05-01,1038
DCPU-16-01 ASM,2012-05-01,1635
Fancy,2012-05-01,180
Standard ML,2012-05-01,1152
Objective-J,2012-05-01,4080
Factor,2012-05-01,786
Pure Data,2012-05-01,675
Scilab,2012-05-01,795
Self,2012-05-01,57
Prolog,2012-05-01,3507
Arc,2012-05-01,108
Boo,2012-05-01,198
Logtalk,2012-05-01,75
Ioke,2012-05-01,33
Eiffel,2012-05-01,825
Parrot,2012-05-01,801
Kotlin,2012-05-01,471
Turing,2012-05-01,117
Mirah,2012-05-01,168
SuperCollider,2012-05-01,687
Io,2012-05-01,717
Assembly,2012-05-01,6792
Coq,2012-05-01,939
XQuery,2012-05-01,864
Vala,2012-05-01,2382
Dylan,2012-05-01,462
Scheme,2012-05-01,5163
ASP,2012-05-01,2916
Nimrod,2012-05-01,447
ColdFusion,2012-05-01,6024
OpenEdge ABL,2012-05-01,843
Smalltalk,2012-05-01,3039
Apex,2012-05-01,1566
Groovy,2012-05-01,29283
Visual Basic,2012-05-01,3657
Tcl,2012-05-01,12774
Nu,2012-05-01,24
Assembly,2012-04-01,14610
Fancy,2012-04-01,255
Io,2012-04-01,318
Scilab,2012-04-01,870
Elixir,2012-04-01,2907
Go,2012-04-01,26580
Arduino,2012-04-01,5190
Nemerle,2012-04-01,549
Boo,2012-04-01,132
Prolog,2012-04-01,2982
Tcl,2012-04-01,2328
Rust,2012-04-01,7608
SuperCollider,2012-04-01,1311
Standard ML,2012-04-01,1374
Objective-J,2012-04-01,4065
ASP,2012-04-01,1755
OCaml,2012-04-01,10497
AutoHotkey,2012-04-01,1002
DCPU-16-01 ASM,2012-04-01,2988
Verilog,2012-04-01,3246
Kotlin,2012-04-01,300
Apex,2012-04-01,984
PowerShell,2012-04-01,2319
F#,2012-04-01,2268
XQuery,2012-04-01,648
OpenEdge ABL,2012-04-01,486
Bro,2012-04-01,9
Dylan,2012-04-01,519
HaXe,2012-04-01,5115
Matlab,2012-04-01,15999
D,2012-04-01,11769
Erlang,2012-04-01,29283
ActionScript,2012-04-01,28431
R,2012-04-01,20151
Groovy,2012-04-01,23418
Racket,2012-04-01,3519
Lua,2012-04-01,30705
Visual Basic,2012-04-01,3894
ColdFusion,2012-04-01,4983
Emacs Lisp,2012-04-01,45978
DCPU-16-01 Assembly,2012-04-01,6
Parrot,2012-04-01,471
Puppet,2012-04-01,13884
Turing,2012-04-01,240
Self,2012-04-01,33
Dart,2012-04-01,2454
Scheme,2012-04-01,5535
Delphi,2012-04-01,5910
Coq,2012-04-01,744
Eiffel,2012-04-01,819
Scala,2012-04-01,70896
Shell,2012-04-01,210600
Common Lisp,2012-04-01,9141
FORTRAN,2012-04-01,3780
JavaScript,2012-04-01,1664622
Fantom,2012-04-01,9
Vala,2012-04-01,1374
VimL,2012-04-01,109134
VHDL,2012-04-01,2586
C,2012-04-01,599172
ooc,2012-04-01,366
PHP,2012-04-01,796323
Gosu,2012-04-01,198
C++,2012-04-01,482313
Java,2012-04-01,995484
Perl,2012-04-01,102885
Ruby,2012-04-01,1096308
,2012-04-01,2670852
Python,2012-04-01,839274
Logtalk,2012-04-01,306
Opa,2012-04-01,144
Smalltalk,2012-04-01,1704
Nimrod,2012-04-01,186
Arc,2012-04-01,291
Pure Data,2012-04-01,525
Powershell,2012-04-01,12
Factor,2012-04-01,729
Clojure,2012-04-01,45795
Max/MSP,2012-04-01,318
Haskell,2012-04-01,45840
CoffeeScript,2012-04-01,67557
Julia,2012-04-01,525
C#,2012-04-01,199953
Ada,2012-04-01,1056
Nu,2012-04-01,12
Mirah,2012-04-01,39
Objective-C,2012-04-01,217212
Rebol,2012-04-01,42
Ioke,2012-04-01,39
Augeas,2012-04-01,39
C,2012-03-01,565725
ActionScript,2012-03-01,19443
Visual Basic,2012-03-01,2088
CoffeeScript,2012-03-01,39975
Clojure,2012-03-01,29235
Matlab,2012-03-01,9228
Haskell,2012-03-01,29988
Erlang,2012-03-01,19008
Emacs Lisp,2012-03-01,30474
VimL,2012-03-01,72786
Shell,2012-03-01,139602
Perl,2012-03-01,76842
C#,2012-03-01,135744
R,2012-03-01,13224
Common Lisp,2012-03-01,6513
Assembly,2012-03-01,3720
Scala,2012-03-01,47595
Scheme,2012-03-01,3411
Go,2012-03-01,14664
Groovy,2012-03-01,16167
Nu,2012-03-01,12
Nimrod,2012-03-01,141
Fancy,2012-03-01,24
Io,2012-03-01,177
Kotlin,2012-03-01,12
Bro,2012-03-01,33
Self,2012-03-01,12
ooc,2012-03-01,9
Factor,2012-03-01,171
Pure Data,2012-03-01,477
Parrot,2012-03-01,93
C++,2012-03-01,313950
PowerShell,2012-03-01,252
Java,2012-03-01,681873
PHP,2012-03-01,542529
,2012-03-01,2152494
JavaScript,2012-03-01,1133241
Python,2012-03-01,592188
Ruby,2012-03-01,791163
Objective-C,2012-03-01,154254
Lua,2012-03-01,20172
Eiffel,2012-03-01,927
OCaml,2012-03-01,9432
Turing,2012-03-01,132
Opa,2012-03-01,231
Delphi,2012-03-01,4689
Boo,2012-03-01,228
Arduino,2012-03-01,3297
Logtalk,2012-03-01,9
Ioke,2012-03-01,192
Fantom,2012-03-01,27
Modelica,2012-03-01,390
Objective-J,2012-03-01,2049
Mirah,2012-03-01,15
Nemerle,2012-03-01,573
Ada,2012-03-01,477
Smalltalk,2012-03-01,759
Arc,2012-03-01,174
Rebol,2012-03-01,327
Dylan,2012-03-01,135
Max/MSP,2012-03-01,63
Gosu,2012-03-01,111
Scilab,2012-03-01,807
XQuery,2012-03-01,450
F#,2012-03-01,2922
HaXe,2012-03-01,3546
Puppet,2012-03-01,10023
ColdFusion,2012-03-01,3924
SuperCollider,2012-03-01,744
Elixir,2012-03-01,1482
Rust,2012-03-01,5166
Racket,2012-03-01,1986
Prolog,2012-03-01,2343
Apex,2012-03-01,93
FORTRAN,2012-03-01,2388
VHDL,2012-03-01,2172
D,2012-03-01,7893
Powershell,2012-03-01,2100
Vala,2012-03-01,1509
AutoHotkey,2012-03-01,1005
Tcl,2012-03-01,1143
OpenEdge ABL,2012-03-01,363
Coq,2012-03-01,510
ASP,2012-03-01,1089
Standard ML,2012-03-01,1266
Verilog,2012-03-01,2532